temp,pres,hum,accel,ts,run_id,floor,day_id,location
23.57,998.21,27.32,-0.49,2021-01-01 00:00:05,0,7,0,buffalo
23.52,998.15,27.36,-0.36,2021-01-01 00:00:06,0,7,0,buffalo
23.52,998.2,27.43,-0.3,2021-01-01 00:00:06,0,7,0,buffalo
23.52,998.2,27.48,-0.54,2021-01-01 00:00:07,0,7,0,buffalo
23.53,998.21,27.52,-0.13,2021-01-01 00:00:08,0,7,0,buffalo
23.53,998.19,27.43,-0.22,2021-01-01 00:00:08,0,7,0,buffalo
23.53,998.19,27.38,-0.37,2021-01-01 00:00:09,0,7,0,buffalo
23.52,998.18,27.3,-0.34,2021-01-01 00:00:09,0,7,0,buffalo
23.52,998.18,27.32,-0.31,2021-01-01 00:00:10,0,7,0,buffalo
23.52,998.18,27.34,-0.37,2021-01-01 00:00:10,0,7,0,buffalo
23.52,998.17,27.36,-0.36,2021-01-01 00:00:11,0,7,0,buffalo
23.52,998.11,27.41,-0.35,2021-01-01 00:00:12,0,7,0,buffalo
23.53,998.19,27.49,-0.27,2021-01-01 00:00:12,0,7,0,buffalo
23.52,998.2,27.53,-0.37,2021-01-01 00:00:13,0,7,0,buffalo
23.52,998.22,27.58,-0.23,2021-01-01 00:00:13,0,7,0,buffalo
23.52,998.17,27.62,-0.33,2021-01-01 00:00:14,0,7,0,buffalo
23.53,998.22,27.67,-0.34,2021-01-01 00:00:15,0,7,0,buffalo
23.53,998.21,27.71,-0.2,2021-01-01 00:00:15,0,7,0,buffalo
23.53,998.27,27.7,-0.26,2021-01-01 00:00:16,0,7,0,buffalo
23.52,998.2,27.75,-0.33,2021-01-01 00:00:16,0,7,0,buffalo
23.52,998.22,27.82,-0.23,2021-01-01 00:00:17,0,7,0,buffalo
23.53,998.22,27.85,-0.36,2021-01-01 00:00:18,0,7,0,buffalo
23.53,998.22,27.86,-0.25,2021-01-01 00:00:18,0,7,0,buffalo
23.52,998.2,27.84,-0.31,2021-01-01 00:00:19,0,7,0,buffalo
23.53,998.22,27.83,-0.25,2021-01-01 00:00:19,0,7,0,buffalo
23.53,998.19,27.84,-0.54,2021-01-01 00:00:20,0,7,0,buffalo
23.53,998.24,27.87,-0.35,2021-01-01 00:00:21,0,7,0,buffalo
23.54,998.15,27.85,-0.32,2021-01-01 00:00:21,0,7,0,buffalo
23.53,998.21,27.84,-0.31,2021-01-01 00:00:22,0,7,0,buffalo
23.54,998.17,27.84,-0.32,2021-01-01 00:00:22,0,7,0,buffalo
23.53,998.21,27.84,-0.38,2021-01-01 00:00:23,0,7,0,buffalo
23.53,998.14,27.85,-0.34,2021-01-01 00:00:24,0,7,0,buffalo
23.55,998.26,27.84,-0.41,2021-01-01 00:00:24,0,7,0,buffalo
23.54,998.2,27.86,-0.42,2021-01-01 00:00:25,0,7,0,buffalo
23.55,998.19,27.84,-0.23,2021-01-01 00:00:26,0,7,0,buffalo
23.55,998.21,27.86,0.0,2021-01-01 00:00:26,0,7,0,buffalo
23.53,998.19,27.85,0.37,2021-01-01 00:00:27,0,7,0,buffalo
23.55,998.18,27.69,-1.43,2021-01-01 00:00:27,0,7,0,buffalo
23.54,998.23,27.38,-1.28,2021-01-01 00:00:28,0,7,0,buffalo
23.54,998.2,27.06,-2.38,2021-01-01 00:00:29,0,7,0,buffalo
23.54,998.2,26.81,-0.2,2021-01-01 00:00:29,0,7,0,buffalo
23.53,998.17,26.5,-0.69,2021-01-01 00:00:30,0,7,0,buffalo
23.53,998.21,26.37,-0.52,2021-01-01 00:00:30,0,7,0,buffalo
23.53,998.19,26.36,-0.5,2021-01-01 00:00:31,0,7,0,buffalo
23.53,998.21,26.41,0.25,2021-01-01 00:00:32,0,7,0,buffalo
23.53,998.21,26.63,0.19,2021-01-01 00:00:32,0,7,0,buffalo
23.53,998.21,26.96,0.17,2021-01-01 00:00:33,0,7,0,buffalo
23.53,998.21,27.24,-0.11,2021-01-01 00:00:33,0,7,0,buffalo
23.53,998.19,27.45,-0.29,2021-01-01 00:00:34,0,7,0,buffalo
23.54,998.26,27.6,-0.27,2021-01-01 00:00:35,0,7,0,buffalo
23.53,998.21,27.69,0.48,2021-01-01 00:00:35,0,7,0,buffalo
23.53,998.22,27.86,0.11,2021-01-01 00:00:36,0,7,0,buffalo
23.53,998.21,28.08,-0.009999999,2021-01-01 00:00:36,0,7,0,buffalo
23.53,998.22,28.24,-0.02,2021-01-01 00:00:37,0,7,0,buffalo
23.53,998.22,28.37,-0.09,2021-01-01 00:00:38,0,7,0,buffalo
23.54,998.26,28.44,0.21,2021-01-01 00:00:38,0,7,0,buffalo
23.54,998.17,28.48,-0.71,2021-01-01 00:00:39,0,7,0,buffalo
23.55,998.24,28.57,-0.56,2021-01-01 00:00:40,0,7,0,buffalo
23.55,998.27,28.67,-0.8,2021-01-01 00:00:40,0,7,0,buffalo
23.55,998.33,28.76,0.37,2021-01-01 00:00:41,0,0,0,buffalo
23.55,998.49,28.83,0.83,2021-01-01 00:00:41,0,0,0,buffalo
23.56,998.59,28.94,1.41,2021-01-01 00:00:42,0,6,0,buffalo
23.55,998.52,29.07,0.74,2021-01-01 00:00:43,0,6,0,buffalo
23.56,998.62,29.2,0.009999999,2021-01-01 00:00:43,0,6,0,buffalo
23.56,998.59,29.33,0.18,2021-01-01 00:00:44,0,6,0,buffalo
23.57,998.57,29.28,-0.69,2021-01-01 00:00:44,0,6,0,buffalo
23.57,998.6,29.23,0.0,2021-01-01 00:00:45,0,6,0,buffalo
23.57,998.6,29.19,0.03,2021-01-01 00:00:46,0,6,0,buffalo
23.57,998.58,29.12,0.06,2021-01-01 00:00:46,0,6,0,buffalo
23.56,998.59,29.03,0.0,2021-01-01 00:00:47,0,6,0,buffalo
23.57,998.66,28.93,-0.05,2021-01-01 00:00:47,0,6,0,buffalo
23.57,998.53,28.84,-0.009999999,2021-01-01 00:00:48,0,6,0,buffalo
23.57,998.6,28.72,0.0,2021-01-01 00:00:49,0,6,0,buffalo
23.57,998.58,28.55,0.02,2021-01-01 00:00:49,0,6,0,buffalo
23.57,998.55,28.44,0.04,2021-01-01 00:00:50,0,6,0,buffalo
23.58,998.56,28.36,0.02,2021-01-01 00:00:51,0,6,0,buffalo
23.58,998.56,28.28,0.04,2021-01-01 00:00:51,0,6,0,buffalo
23.58,998.57,28.22,0.09,2021-01-01 00:00:52,0,6,0,buffalo
23.58,998.57,28.19,-0.009999999,2021-01-01 00:00:52,0,6,0,buffalo
23.59,998.64,28.18,0.02,2021-01-01 00:00:53,0,6,0,buffalo
23.58,998.56,28.15,0.0,2021-01-01 00:00:54,0,6,0,buffalo
23.58,998.6,28.14,-0.05,2021-01-01 00:00:54,0,6,0,buffalo
23.59,998.59,28.13,0.0,2021-01-01 00:00:55,0,6,0,buffalo
23.59,998.53,28.11,0.04,2021-01-01 00:00:56,0,6,0,buffalo
23.59,998.61,28.08,0.0,2021-01-01 00:00:56,0,6,0,buffalo
23.59,998.56,28.06,0.009999999,2021-01-01 00:00:57,0,6,0,buffalo
23.59,998.58,28.06,-0.02,2021-01-01 00:00:57,0,6,0,buffalo
23.59,998.55,28.05,-0.17,2021-01-01 00:00:58,0,6,0,buffalo
23.6,998.54,28.05,0.05,2021-01-01 00:00:59,0,6,0,buffalo
23.6,998.6,28.05,0.07,2021-01-01 00:00:59,0,6,0,buffalo
23.59,998.59,28.04,-1.04,2021-01-01 00:01:00,0,6,0,buffalo
23.6,998.6,28.04,-0.8599999,2021-01-01 00:01:00,0,6,0,buffalo
23.6,998.65,27.99,-0.45,2021-01-01 00:01:01,0,6,0,buffalo
23.59,998.7,27.96,0.45,2021-01-01 00:01:02,0,0,0,buffalo
23.61,998.87,27.91,0.83,2021-01-01 00:01:02,0,0,0,buffalo
23.61,998.91,27.89,0.79,2021-01-01 00:01:03,0,0,0,buffalo
23.61,998.94,27.84,0.42,2021-01-01 00:01:04,0,5,0,buffalo
23.61,998.91,27.8,0.12,2021-01-01 00:01:04,0,5,0,buffalo
23.61,998.95,27.75,0.03,2021-01-01 00:01:05,0,5,0,buffalo
23.61,998.92,27.73,0.12,2021-01-01 00:01:05,0,5,0,buffalo
23.61,998.95,27.7,0.03,2021-01-01 00:01:06,0,5,0,buffalo
23.61,998.91,27.66,0.07,2021-01-01 00:01:06,0,5,0,buffalo
23.62,998.96,27.63,-0.13,2021-01-01 00:01:07,0,5,0,buffalo
23.62,998.99,27.63,-0.17,2021-01-01 00:01:08,0,5,0,buffalo
23.62,998.99,27.62,0.17,2021-01-01 00:01:08,0,5,0,buffalo
23.62,998.99,27.59,0.05,2021-01-01 00:01:09,0,5,0,buffalo
23.62,999.08,27.59,-0.12,2021-01-01 00:01:10,0,5,0,buffalo
23.62,999.08,27.58,0.11,2021-01-01 00:01:10,0,5,0,buffalo
23.63,998.98,27.59,0.12,2021-01-01 00:01:11,0,5,0,buffalo
23.62,998.99,27.58,0.0,2021-01-01 00:01:11,0,5,0,buffalo
23.62,998.93,27.56,-0.009999999,2021-01-01 00:01:12,0,5,0,buffalo
23.63,998.95,27.56,0.05,2021-01-01 00:01:12,0,5,0,buffalo
23.63,999.0,27.55,0.02,2021-01-01 00:01:13,0,5,0,buffalo
23.63,998.98,27.54,-0.03,2021-01-01 00:01:14,0,5,0,buffalo
23.62,998.94,27.53,0.0,2021-01-01 00:01:14,0,5,0,buffalo
23.63,998.96,27.48,0.02,2021-01-01 00:01:15,0,5,0,buffalo
23.63,998.93,27.45,-0.02,2021-01-01 00:01:16,0,5,0,buffalo
23.64,998.94,27.39,-0.04,2021-01-01 00:01:16,0,5,0,buffalo
23.63,998.98,27.31,-0.08,2021-01-01 00:01:17,0,5,0,buffalo
23.64,999.02,27.18,-0.24,2021-01-01 00:01:17,0,5,0,buffalo
23.64,998.97,27.08,-0.35,2021-01-01 00:01:18,0,5,0,buffalo
23.64,998.91,27.04,0.0,2021-01-01 00:01:19,0,5,0,buffalo
23.65,998.95,26.98,0.16,2021-01-01 00:01:19,0,5,0,buffalo
23.64,999.0,26.88,-0.009999999,2021-01-01 00:01:20,0,5,0,buffalo
23.64,998.94,26.85,-0.8599999,2021-01-01 00:01:20,0,0,0,buffalo
23.65,998.87,26.84,-0.68,2021-01-01 00:01:21,0,0,0,buffalo
23.65,999.02,26.8,-0.8599999,2021-01-01 00:01:22,0,0,0,buffalo
23.65,999.1,26.8,-0.78,2021-01-01 00:01:22,0,0,0,buffalo
23.65,999.28,26.83,-0.64,2021-01-01 00:01:23,0,0,0,buffalo
23.65,999.42,26.87,-0.56,2021-01-01 00:01:23,0,0,0,buffalo
23.65,999.6,26.89,0.0,2021-01-01 00:01:24,0,0,0,buffalo
23.65,999.85,26.94,-0.12,2021-01-01 00:01:25,0,0,0,buffalo
23.66,1000.03,26.98,-0.02,2021-01-01 00:01:25,0,0,0,buffalo
23.65,1000.2,27.03,0.41,2021-01-01 00:01:26,0,0,0,buffalo
23.66,1000.41,27.07,0.8,2021-01-01 00:01:26,0,0,0,buffalo
23.66,1000.52,27.08,0.85,2021-01-01 00:01:27,0,0,0,buffalo
23.66,1000.57,27.06,1.03,2021-01-01 00:01:28,0,1,0,buffalo
23.66,1000.72,27.05,0.84,2021-01-01 00:01:28,0,1,0,buffalo
23.67,1000.71,27.02,0.28,2021-01-01 00:01:29,0,1,0,buffalo
23.67,1000.73,26.95,0.17,2021-01-01 00:01:29,0,1,0,buffalo
23.66,1000.64,26.9,0.04,2021-01-01 00:01:30,0,1,0,buffalo
23.68,1000.63,26.83,-0.06,2021-01-01 00:01:31,0,1,0,buffalo
23.67,1000.6,26.76,-0.08,2021-01-01 00:01:31,0,1,0,buffalo
23.66,1000.58,26.69,0.14,2021-01-01 00:01:32,0,1,0,buffalo
23.68,1000.55,26.67,0.05,2021-01-01 00:01:33,0,1,0,buffalo
23.68,1000.58,26.66,0.11,2021-01-01 00:01:33,0,1,0,buffalo
23.68,1000.61,26.65,-0.04,2021-01-01 00:01:34,0,1,0,buffalo
23.68,1000.64,26.62,0.14,2021-01-01 00:01:34,0,1,0,buffalo
23.68,1000.59,26.63,0.15,2021-01-01 00:01:35,0,1,0,buffalo
23.68,1000.61,26.65,0.009999999,2021-01-01 00:01:36,0,1,0,buffalo
23.68,1000.6,26.67,0.09,2021-01-01 00:01:36,0,1,0,buffalo
23.68,1000.61,26.67,0.0,2021-01-01 00:01:37,0,1,0,buffalo
23.69,1000.65,26.69,0.05,2021-01-01 00:01:37,0,1,0,buffalo
23.68,1000.59,26.73,0.0,2021-01-01 00:01:38,0,1,0,buffalo
23.69,1000.57,26.75,0.07,2021-01-01 00:01:39,0,1,0,buffalo
23.68,1000.6,26.76,0.15,2021-01-01 00:01:39,0,1,0,buffalo
23.69,1000.68,26.8,0.06,2021-01-01 00:01:40,0,1,0,buffalo
23.69,1000.62,26.81,0.07,2021-01-01 00:01:40,0,1,0,buffalo
23.69,1000.57,26.83,0.04,2021-01-01 00:01:41,0,1,0,buffalo
23.69,1000.6,26.89,-0.03,2021-01-01 00:01:42,0,1,0,buffalo
23.7,1000.61,26.93,0.04,2021-01-01 00:01:42,0,1,0,buffalo
23.7,1000.66,26.95,0.06,2021-01-01 00:01:43,0,1,0,buffalo
23.69,1000.6,26.94,0.03,2021-01-01 00:01:44,0,1,0,buffalo
23.69,1000.65,26.92,0.09,2021-01-01 00:01:44,0,1,0,buffalo
23.7,1000.62,26.85,-0.009999999,2021-01-01 00:01:45,0,1,0,buffalo
23.7,1000.61,26.77,-0.09,2021-01-01 00:01:45,0,1,0,buffalo
23.7,1000.61,26.72,0.05,2021-01-01 00:01:46,0,1,0,buffalo
23.71,1000.63,26.67,-0.11,2021-01-01 00:01:47,0,1,0,buffalo
23.71,1000.63,26.66,-0.03,2021-01-01 00:01:47,0,1,0,buffalo
23.71,1000.6,26.64,0.06,2021-01-01 00:01:48,0,1,0,buffalo
23.7,1000.56,26.6,-0.009999999,2021-01-01 00:01:48,0,1,0,buffalo
23.7,1000.53,26.61,0.009999999,2021-01-01 00:01:49,0,1,0,buffalo
23.71,1000.63,26.59,-0.72,2021-01-01 00:01:50,0,1,0,buffalo
23.7,1000.62,26.57,-0.78,2021-01-01 00:01:50,0,1,0,buffalo
23.71,1000.72,26.54,-0.45,2021-01-01 00:01:51,0,0,0,buffalo
23.71,1000.85,26.51,0.18,2021-01-01 00:01:52,0,0,0,buffalo
23.71,1001.01,26.5,1.05,2021-01-01 00:01:52,0,0,0,buffalo
23.71,1001.02,26.44,0.85,2021-01-01 00:01:53,0,0,0,buffalo
23.72,1001.06,26.44,0.47,2021-01-01 00:01:53,0,-1,0,buffalo
23.71,1001.1,26.44,0.13,2021-01-01 00:01:54,0,-1,0,buffalo
23.72,1001.08,26.44,-0.07,2021-01-01 00:01:55,0,-1,0,buffalo
23.7,1001.06,26.42,0.04,2021-01-01 00:01:55,0,-1,0,buffalo
23.71,1001.02,26.38,-0.009999999,2021-01-01 00:01:56,0,-1,0,buffalo
23.72,1001.06,26.37,-0.21,2021-01-01 00:01:57,0,-1,0,buffalo
23.72,1001.01,26.35,0.009999999,2021-01-01 00:01:57,0,-1,0,buffalo
23.72,1001.15,26.35,0.05,2021-01-01 00:01:58,0,-1,0,buffalo
23.72,1001.14,26.34,0.11,2021-01-01 00:01:58,0,-1,0,buffalo
23.72,1001.11,26.34,0.09999999,2021-01-01 00:01:59,0,-1,0,buffalo
23.72,1001.09,26.32,-0.14,2021-01-01 00:02:00,0,-1,0,buffalo
23.71,1000.97,26.3,0.31,2021-01-01 00:02:00,0,-1,0,buffalo
23.72,1001.12,26.02,-0.85,2021-01-01 00:02:01,0,-1,0,buffalo
23.73,1001.1,25.82,0.51,2021-01-01 00:02:01,0,-1,0,buffalo
22.76,1001.18,29.89,-0.32,2021-01-01 00:00:05,1,-1,0,buffalo
22.72,1001.21,29.8,-0.09,2021-01-01 00:00:06,1,-1,0,buffalo
22.71,1001.18,29.8,-0.3,2021-01-01 00:00:07,1,-1,0,buffalo
22.71,1001.19,29.81,-0.45,2021-01-01 00:00:07,1,-1,0,buffalo
22.7,1001.17,29.85,-0.4,2021-01-01 00:00:08,1,-1,0,buffalo
22.72,1001.2,29.9,-0.5,2021-01-01 00:00:08,1,-1,0,buffalo
22.72,1001.15,29.96,-0.39,2021-01-01 00:00:09,1,-1,0,buffalo
22.72,1001.21,29.98,-0.16,2021-01-01 00:00:10,1,-1,0,buffalo
22.72,1001.14,30.01,-0.27,2021-01-01 00:00:10,1,-1,0,buffalo
22.72,1001.15,30.04,-0.58,2021-01-01 00:00:11,1,-1,0,buffalo
22.72,1001.17,30.06,-0.81,2021-01-01 00:00:11,1,-1,0,buffalo
22.72,1001.15,30.42,-0.79,2021-01-01 00:00:12,1,-1,0,buffalo
22.73,1001.1,30.62,0.59,2021-01-01 00:00:13,1,-1,0,buffalo
22.73,1001.16,29.41,0.73,2021-01-01 00:00:13,1,-1,0,buffalo
22.73,1001.13,28.73,0.11,2021-01-01 00:00:14,1,-1,0,buffalo
22.73,1001.13,28.11,0.27,2021-01-01 00:00:14,1,-1,0,buffalo
22.73,1001.14,28.27,-0.44,2021-01-01 00:00:15,1,-1,0,buffalo
22.73,1001.2,29.07,0.22,2021-01-01 00:00:16,1,-1,0,buffalo
22.73,1001.14,29.28,-0.16,2021-01-01 00:00:16,1,-1,0,buffalo
22.73,1001.16,29.33,-0.06,2021-01-01 00:00:17,1,-1,0,buffalo
22.73,1001.13,29.36,-0.23,2021-01-01 00:00:17,1,-1,0,buffalo
22.74,1001.13,29.39,-0.08,2021-01-01 00:00:18,1,-1,0,buffalo
22.74,1001.15,29.4,-0.05,2021-01-01 00:00:19,1,-1,0,buffalo
22.74,1001.12,29.41,0.09,2021-01-01 00:00:19,1,-1,0,buffalo
22.74,1001.18,29.45,0.15,2021-01-01 00:00:20,1,-1,0,buffalo
22.74,1001.15,29.49,-0.18,2021-01-01 00:00:20,1,-1,0,buffalo
22.74,1001.15,29.54,-0.31,2021-01-01 00:00:21,1,-1,0,buffalo
22.74,1001.09,29.57,0.07,2021-01-01 00:00:22,1,-1,0,buffalo
22.74,1001.1,29.58,0.08,2021-01-01 00:00:22,1,-1,0,buffalo
22.74,1001.09,29.62,-0.36,2021-01-01 00:00:23,1,-1,0,buffalo
22.74,1001.07,29.64,2.42,2021-01-01 00:00:23,1,-1,0,buffalo
22.75,1001.08,29.71,0.9099999,2021-01-01 00:00:24,1,-1,0,buffalo
22.75,1001.06,29.81,0.62,2021-01-01 00:00:25,1,-1,0,buffalo
22.75,1000.87,29.78,0.48,2021-01-01 00:00:25,1,0,0,buffalo
22.75,1000.7,29.76,0.55,2021-01-01 00:00:26,1,0,0,buffalo
22.76,1000.6,29.87,0.06,2021-01-01 00:00:27,1,0,0,buffalo
22.75,1000.37,30.1,-0.21,2021-01-01 00:00:27,1,0,0,buffalo
22.75,1000.23,30.36,-0.23,2021-01-01 00:00:28,1,0,0,buffalo
22.75,1000.07,30.64,-0.07,2021-01-01 00:00:28,1,0,0,buffalo
22.75,999.87,31.28,0.12,2021-01-01 00:00:29,1,0,0,buffalo
22.76,999.75,31.81,-0.09,2021-01-01 00:00:30,1,0,0,buffalo
22.77,999.4,32.21,-0.3,2021-01-01 00:00:30,1,0,0,buffalo
22.77,999.24,33.16,-0.32,2021-01-01 00:00:31,1,0,0,buffalo
22.79,999.1,34.92,0.009999999,2021-01-01 00:00:31,1,0,0,buffalo
22.8,998.93,35.78,0.009999999,2021-01-01 00:00:32,1,0,0,buffalo
22.8,998.73,35.94,-0.23,2021-01-01 00:00:33,1,0,0,buffalo
22.8,998.57,35.66,-0.14,2021-01-01 00:00:33,1,0,0,buffalo
22.81,998.39,35.45,-0.16,2021-01-01 00:00:34,1,0,0,buffalo
22.81,998.25,35.41,-0.06,2021-01-01 00:00:35,1,0,0,buffalo
22.82,998.05,35.47,-0.22,2021-01-01 00:00:35,1,0,0,buffalo
22.83,997.87,35.25,0.06,2021-01-01 00:00:36,1,0,0,buffalo
22.84,997.67,34.92,-0.31,2021-01-01 00:00:36,1,0,0,buffalo
22.84,997.51,34.73,-0.46,2021-01-01 00:00:37,1,0,0,buffalo
22.84,997.36,34.62,-0.93,2021-01-01 00:00:38,1,0,0,buffalo
22.85,997.28,34.54,-0.85,2021-01-01 00:00:38,1,0,0,buffalo
22.84,997.2,34.34,-0.95,2021-01-01 00:00:39,1,0,0,buffalo
22.84,997.09,34.04,-0.77,2021-01-01 00:00:39,1,10,0,buffalo
22.85,996.99,33.63,-0.62,2021-01-01 00:00:40,1,10,0,buffalo
22.84,997.07,33.24,-0.22,2021-01-01 00:00:41,1,10,0,buffalo
22.85,997.1,32.95,-0.15,2021-01-01 00:00:41,1,10,0,buffalo
22.85,997.11,32.72,-0.19,2021-01-01 00:00:42,1,10,0,buffalo
22.85,997.03,32.53,-0.18,2021-01-01 00:00:43,1,10,0,buffalo
22.85,997.05,32.39,-0.15,2021-01-01 00:00:43,1,10,0,buffalo
22.85,997.05,32.28,-0.25,2021-01-01 00:00:44,1,10,0,buffalo
22.86,997.06,32.23,-0.13,2021-01-01 00:00:44,1,10,0,buffalo
22.86,997.12,32.17,-0.02,2021-01-01 00:00:45,1,10,0,buffalo
22.85,997.08,32.15,0.08,2021-01-01 00:00:46,1,10,0,buffalo
22.85,997.08,32.11,-0.12,2021-01-01 00:00:46,1,10,0,buffalo
22.85,997.11,33.48,-0.3,2021-01-01 00:00:47,1,10,0,buffalo
22.87,997.05,34.41,-0.09999999,2021-01-01 00:00:47,1,10,0,buffalo
22.87,997.08,34.95,-0.04,2021-01-01 00:00:48,1,10,0,buffalo
22.88,997.1,35.14,-0.33,2021-01-01 00:00:49,1,10,0,buffalo
22.87,997.03,34.91,0.2,2021-01-01 00:00:49,1,10,0,buffalo
22.88,997.12,34.66,0.39,2021-01-01 00:00:50,1,10,0,buffalo
22.88,997.02,34.46,-0.51,2021-01-01 00:00:51,1,10,0,buffalo
22.88,997.05,34.29,0.02,2021-01-01 00:00:51,1,10,0,buffalo
22.9,997.12,34.13,-0.2,2021-01-01 00:00:52,1,10,0,buffalo
22.9,997.09,34.04,0.07,2021-01-01 00:00:52,1,10,0,buffalo
22.91,997.09,33.98,-0.11,2021-01-01 00:00:53,1,10,0,buffalo
22.91,997.09,33.82,-0.08,2021-01-01 00:00:54,1,10,0,buffalo
22.91,997.08,33.65,0.009999999,2021-01-01 00:00:54,1,10,0,buffalo
22.9,997.09,33.43,-0.12,2021-01-01 00:00:55,1,10,0,buffalo
22.91,997.11,33.27,-0.16,2021-01-01 00:00:56,1,10,0,buffalo
22.91,997.06,33.2,-0.08,2021-01-01 00:00:56,1,10,0,buffalo
22.91,997.05,33.19,-0.05,2021-01-01 00:00:57,1,10,0,buffalo
22.91,997.05,34.26,0.9799999,2021-01-01 00:00:57,1,10,0,buffalo
22.93,997.11,35.35,0.64,2021-01-01 00:00:58,1,10,0,buffalo
22.92,996.96,35.59,0.62,2021-01-01 00:00:59,1,0,0,buffalo
22.92,996.9,35.56,0.009999999,2021-01-01 00:00:59,1,0,0,buffalo
22.93,996.76,35.51,-0.81,2021-01-01 00:01:00,1,11,0,buffalo
22.94,996.71,35.94,-0.93,2021-01-01 00:01:00,1,11,0,buffalo
22.94,996.71,36.53,-0.51,2021-01-01 00:01:01,1,11,0,buffalo
22.96,996.75,36.8,-0.25,2021-01-01 00:01:02,1,11,0,buffalo
22.95,996.68,36.94,-0.08,2021-01-01 00:01:02,1,11,0,buffalo
22.96,996.64,37.17,-0.12,2021-01-01 00:01:03,1,11,0,buffalo
22.97,996.68,37.37,-0.16,2021-01-01 00:01:03,1,11,0,buffalo
22.97,996.69,37.45,-0.36,2021-01-01 00:01:04,1,11,0,buffalo
22.98,996.72,37.5,-0.18,2021-01-01 00:01:05,1,11,0,buffalo
22.97,996.72,37.56,-0.2,2021-01-01 00:01:05,1,11,0,buffalo
22.97,996.79,37.59,-0.02,2021-01-01 00:01:06,1,11,0,buffalo
22.97,996.85,37.62,-0.09999999,2021-01-01 00:01:06,1,11,0,buffalo
22.98,996.81,37.64,-0.11,2021-01-01 00:01:07,1,11,0,buffalo
22.98,996.83,37.65,-0.16,2021-01-01 00:01:08,1,11,0,buffalo
22.98,996.86,37.65,-0.14,2021-01-01 00:01:08,1,11,0,buffalo
22.99,996.77,37.65,-0.19,2021-01-01 00:01:09,1,11,0,buffalo
22.98,996.72,37.52,-0.06,2021-01-01 00:01:09,1,11,0,buffalo
22.99,996.71,37.12,-0.06,2021-01-01 00:01:10,1,11,0,buffalo
22.98,996.7,36.66,-0.13,2021-01-01 00:01:11,1,11,0,buffalo
22.98,996.7,36.32,-0.09,2021-01-01 00:01:11,1,11,0,buffalo
22.98,996.73,36.12,-0.02,2021-01-01 00:01:12,1,11,0,buffalo
22.98,996.73,36.11,-0.12,2021-01-01 00:01:12,1,11,0,buffalo
23.0,996.73,36.26,-0.18,2021-01-01 00:01:13,1,11,0,buffalo
22.98,996.7,36.17,-0.009999999,2021-01-01 00:01:14,1,11,0,buffalo
22.99,996.71,35.85,-0.12,2021-01-01 00:01:14,1,11,0,buffalo
22.99,996.69,35.6,-0.15,2021-01-01 00:01:15,1,11,0,buffalo
23.01,996.8,35.52,-0.13,2021-01-01 00:01:16,1,11,0,buffalo
23.0,996.76,35.5,-0.06,2021-01-01 00:01:16,1,11,0,buffalo
23.0,996.71,35.46,0.04,2021-01-01 00:01:17,1,11,0,buffalo
23.0,996.68,35.37,-0.23,2021-01-01 00:01:17,1,11,0,buffalo
23.01,996.69,35.26,0.22,2021-01-01 00:01:18,1,11,0,buffalo
23.0,996.68,35.14,0.61,2021-01-01 00:01:19,1,11,0,buffalo
23.01,996.63,34.99,0.71,2021-01-01 00:01:19,1,0,0,buffalo
23.01,996.5,34.74,0.16,2021-01-01 00:01:20,1,0,0,buffalo
23.02,996.46,34.41,-0.64,2021-01-01 00:01:20,1,0,0,buffalo
23.01,996.28,34.06,-1.05,2021-01-01 00:01:21,1,12,0,buffalo
23.02,996.27,33.75,-0.84,2021-01-01 00:01:22,1,12,0,buffalo
23.01,996.3,33.49,-0.27,2021-01-01 00:01:22,1,12,0,buffalo
23.01,996.31,33.28,-0.14,2021-01-01 00:01:23,1,12,0,buffalo
23.02,996.27,33.16,-0.16,2021-01-01 00:01:23,1,12,0,buffalo
23.02,996.29,33.04,-0.15,2021-01-01 00:01:24,1,12,0,buffalo
23.02,996.33,32.94,-0.14,2021-01-01 00:01:25,1,12,0,buffalo
23.02,996.33,32.87,-0.11,2021-01-01 00:01:25,1,12,0,buffalo
23.01,996.3,32.77,-0.08,2021-01-01 00:01:26,1,12,0,buffalo
23.01,996.26,32.71,-0.02,2021-01-01 00:01:26,1,12,0,buffalo
23.01,996.31,32.61,0.25,2021-01-01 00:01:27,1,12,0,buffalo
23.01,996.31,32.53,-0.11,2021-01-01 00:01:28,1,12,0,buffalo
23.02,996.33,32.46,-0.38,2021-01-01 00:01:28,1,12,0,buffalo
23.01,996.26,32.28,1.09,2021-01-01 00:01:29,1,12,0,buffalo
23.03,996.36,31.89,0.51,2021-01-01 00:01:30,1,12,0,buffalo
23.03,996.31,30.86,-0.78,2021-01-01 00:01:30,1,12,0,buffalo
23.03,996.28,30.02,-0.43,2021-01-01 00:01:31,1,12,0,buffalo
23.03,996.29,29.48,-1.47,2021-01-01 00:01:31,1,12,0,buffalo
23.03,996.32,29.43,-0.05,2021-01-01 00:01:32,1,12,0,buffalo
23.04,996.32,29.76,-0.09999999,2021-01-01 00:01:33,1,12,0,buffalo
23.04,996.3,30.51,0.14,2021-01-01 00:01:33,1,12,0,buffalo
23.12,996.35,26.54,-0.82,2021-01-01 00:00:05,2,12,0,buffalo
23.1,996.34,26.55,-0.32,2021-01-01 00:00:06,2,12,0,buffalo
23.09,996.32,26.63,-0.44,2021-01-01 00:00:07,2,12,0,buffalo
23.08,996.31,26.75,-0.43,2021-01-01 00:00:07,2,12,0,buffalo
23.08,996.29,26.79,-0.18,2021-01-01 00:00:08,2,12,0,buffalo
23.09,996.32,26.87,-0.08,2021-01-01 00:00:08,2,12,0,buffalo
23.09,996.27,26.92,-0.28,2021-01-01 00:00:09,2,12,0,buffalo
23.09,996.3,26.95,-0.25,2021-01-01 00:00:10,2,12,0,buffalo
23.09,996.29,26.99,-0.22,2021-01-01 00:00:10,2,12,0,buffalo
23.09,996.32,27.02,-0.36,2021-01-01 00:00:11,2,12,0,buffalo
23.1,996.31,26.94,-0.22,2021-01-01 00:00:11,2,12,0,buffalo
23.1,996.35,26.91,-0.21,2021-01-01 00:00:12,2,12,0,buffalo
23.1,996.37,27.25,-0.35,2021-01-01 00:00:13,2,12,0,buffalo
23.1,996.24,27.85,-0.35,2021-01-01 00:00:13,2,12,0,buffalo
23.1,996.32,28.16,-0.74,2021-01-01 00:00:14,2,12,0,buffalo
23.1,996.31,28.03,0.16,2021-01-01 00:00:15,2,12,0,buffalo
23.1,996.35,27.53,0.25,2021-01-01 00:00:15,2,12,0,buffalo
23.11,996.3,27.24,0.44,2021-01-01 00:00:16,2,12,0,buffalo
23.1,996.31,27.14,-0.85,2021-01-01 00:00:16,2,12,0,buffalo
23.1,996.31,27.05,-0.37,2021-01-01 00:00:17,2,12,0,buffalo
23.09,996.33,26.99,-0.3,2021-01-01 00:00:18,2,12,0,buffalo
23.1,996.35,26.94,-0.13,2021-01-01 00:00:18,2,12,0,buffalo
23.09,996.3,26.75,-0.19,2021-01-01 00:00:19,2,12,0,buffalo
23.09,996.36,26.6,-1.04,2021-01-01 00:00:19,2,12,0,buffalo
23.1,996.34,26.58,-0.77,2021-01-01 00:00:20,2,12,0,buffalo
23.1,996.35,26.58,-0.57,2021-01-01 00:00:21,2,12,0,buffalo
23.09,996.32,26.6,-0.77,2021-01-01 00:00:21,2,12,0,buffalo
23.1,996.32,26.63,0.36,2021-01-01 00:00:22,2,12,0,buffalo
23.11,996.31,26.64,-0.19,2021-01-01 00:00:23,2,12,0,buffalo
23.11,996.35,26.61,-0.53,2021-01-01 00:00:23,2,12,0,buffalo
23.11,996.27,26.66,-0.35,2021-01-01 00:00:24,2,12,0,buffalo
23.11,996.33,26.78,-0.73,2021-01-01 00:00:24,2,12,0,buffalo
23.11,996.33,26.92,-0.36,2021-01-01 00:00:25,2,12,0,buffalo
23.1,996.29,27.08,-0.22,2021-01-01 00:00:26,2,12,0,buffalo
23.12,996.37,27.09,-0.39,2021-01-01 00:00:26,2,12,0,buffalo
23.11,996.25,26.93,-0.4,2021-01-01 00:00:27,2,12,0,buffalo
23.12,996.31,26.85,-0.35,2021-01-01 00:00:27,2,12,0,buffalo
23.12,996.37,26.83,-0.12,2021-01-01 00:00:28,2,12,0,buffalo
23.12,996.38,26.85,-0.35,2021-01-01 00:00:29,2,12,0,buffalo
23.12,996.27,26.85,-0.53,2021-01-01 00:00:29,2,12,0,buffalo
23.13,996.33,26.84,-0.4,2021-01-01 00:00:30,2,12,0,buffalo
23.12,996.31,26.84,-0.41,2021-01-01 00:00:30,2,12,0,buffalo
23.12,996.31,26.82,-0.42,2021-01-01 00:00:31,2,12,0,buffalo
23.12,996.27,26.8,-0.49,2021-01-01 00:00:32,2,12,0,buffalo
23.13,996.3,26.8,-1.24,2021-01-01 00:00:32,2,12,0,buffalo
23.13,996.28,26.8,-1.09,2021-01-01 00:00:33,2,0,0,buffalo
23.13,996.41,26.82,-1.23,2021-01-01 00:00:33,2,0,0,buffalo
23.13,996.45,26.81,-0.94,2021-01-01 00:00:34,2,0,0,buffalo
23.14,996.57,26.79,-1.13,2021-01-01 00:00:35,2,0,0,buffalo
23.13,996.67,26.79,-0.93,2021-01-01 00:00:35,2,0,0,buffalo
23.13,996.88,26.8,-0.52,2021-01-01 00:00:36,2,0,0,buffalo
23.13,996.99,26.83,-0.25,2021-01-01 00:00:36,2,0,0,buffalo
23.14,997.29,26.92,-0.3,2021-01-01 00:00:37,2,0,0,buffalo
23.13,997.36,27.04,-0.42,2021-01-01 00:00:38,2,0,0,buffalo
23.14,997.6,27.12,-0.34,2021-01-01 00:00:38,2,0,0,buffalo
23.14,997.78,27.22,-0.13,2021-01-01 00:00:39,2,0,0,buffalo
23.14,997.92,27.31,-0.54,2021-01-01 00:00:39,2,0,0,buffalo
23.14,998.12,27.39,-0.35,2021-01-01 00:00:40,2,0,0,buffalo
23.14,998.26,27.47,-0.51,2021-01-01 00:00:41,2,0,0,buffalo
23.14,998.45,27.54,-0.23,2021-01-01 00:00:41,2,0,0,buffalo
23.15,998.55,27.84,-0.22,2021-01-01 00:00:42,2,0,0,buffalo
23.16,998.76,28.23,-0.17,2021-01-01 00:00:42,2,0,0,buffalo
23.17,998.94,28.52,-0.6,2021-01-01 00:00:43,2,0,0,buffalo
23.16,999.09,28.77,-0.43,2021-01-01 00:00:44,2,0,0,buffalo
23.17,999.27,28.89,-0.32,2021-01-01 00:00:44,2,0,0,buffalo
23.17,999.46,28.89,-0.27,2021-01-01 00:00:45,2,0,0,buffalo
23.19,999.66,28.91,-0.36,2021-01-01 00:00:46,2,0,0,buffalo
23.18,999.82,28.86,-0.61,2021-01-01 00:00:46,2,0,0,buffalo
23.18,999.98,28.78,-0.34,2021-01-01 00:00:47,2,0,0,buffalo
23.18,1000.23,28.73,-0.009999999,2021-01-01 00:00:47,2,0,0,buffalo
23.17,1000.33,28.61,0.57,2021-01-01 00:00:48,2,0,0,buffalo
23.19,1000.52,28.55,0.47,2021-01-01 00:00:49,2,0,0,buffalo
23.19,1000.68,28.52,0.52,2021-01-01 00:00:49,2,0,0,buffalo
23.18,1000.73,28.47,0.44,2021-01-01 00:00:50,2,1,0,buffalo
23.19,1000.75,28.44,0.03,2021-01-01 00:00:50,2,1,0,buffalo
23.19,1000.75,28.39,-0.16,2021-01-01 00:00:51,2,1,0,buffalo
23.19,1000.74,28.34,-0.42,2021-01-01 00:00:52,2,1,0,buffalo
23.19,1000.72,28.27,-0.09,2021-01-01 00:00:52,2,1,0,buffalo
23.19,1000.77,28.19,0.14,2021-01-01 00:00:53,2,1,0,buffalo
23.19,1000.77,28.35,0.13,2021-01-01 00:00:53,2,1,0,buffalo
23.2,1000.73,29.0,-0.03,2021-01-01 00:00:54,2,1,0,buffalo
23.21,1000.77,29.42,0.6,2021-01-01 00:00:55,2,1,0,buffalo
23.2,1000.76,29.67,0.0,2021-01-01 00:00:55,2,0,0,buffalo
22.08,1001.09,30.25,-0.39,2021-01-01 00:00:05,3,-1,0,buffalo
22.02,1001.08,30.29,-0.34,2021-01-01 00:00:06,3,-1,0,buffalo
22.03,1001.12,30.34,-0.39,2021-01-01 00:00:07,3,-1,0,buffalo
22.02,1001.1,30.39,-0.43,2021-01-01 00:00:07,3,-1,0,buffalo
22.03,1001.12,30.43,-0.26,2021-01-01 00:00:08,3,-1,0,buffalo
22.02,1001.14,30.47,-0.49,2021-01-01 00:00:08,3,-1,0,buffalo
22.03,1001.1,30.53,-0.36,2021-01-01 00:00:09,3,-1,0,buffalo
22.02,1001.04,30.6,-0.29,2021-01-01 00:00:10,3,-1,0,buffalo
22.03,1001.09,30.67,-0.37,2021-01-01 00:00:10,3,-1,0,buffalo
22.02,1001.05,30.7,-0.2,2021-01-01 00:00:11,3,-1,0,buffalo
22.02,1001.04,30.78,-0.56,2021-01-01 00:00:11,3,-1,0,buffalo
22.02,1001.05,30.83,-0.33,2021-01-01 00:00:12,3,-1,0,buffalo
22.03,1001.09,30.89,0.55,2021-01-01 00:00:13,3,-1,0,buffalo
22.03,1001.06,30.97,-0.32,2021-01-01 00:00:13,3,-1,0,buffalo
22.03,1001.12,31.03,-0.47,2021-01-01 00:00:14,3,-1,0,buffalo
22.03,1001.09,31.05,-0.17,2021-01-01 00:00:15,3,-1,0,buffalo
22.03,1001.12,31.09,-0.13,2021-01-01 00:00:15,3,-1,0,buffalo
22.04,1001.08,31.12,-0.42,2021-01-01 00:00:16,3,-1,0,buffalo
22.02,1001.02,31.17,-0.59,2021-01-01 00:00:16,3,-1,0,buffalo
22.03,1001.14,31.18,-0.3,2021-01-01 00:00:17,3,-1,0,buffalo
22.03,1001.06,31.17,-0.43,2021-01-01 00:00:18,3,-1,0,buffalo
22.04,1001.05,31.17,-0.2,2021-01-01 00:00:18,3,-1,0,buffalo
22.03,1001.12,31.18,-0.14,2021-01-01 00:00:19,3,-1,0,buffalo
22.03,1001.03,31.21,-0.03,2021-01-01 00:00:20,3,-1,0,buffalo
22.03,1001.09,31.26,-0.24,2021-01-01 00:00:20,3,-1,0,buffalo
22.02,1001.07,31.27,-0.6599999,2021-01-01 00:00:21,3,-1,0,buffalo
22.03,1001.1,31.28,-0.28,2021-01-01 00:00:21,3,-1,0,buffalo
22.03,1001.12,31.29,-0.07,2021-01-01 00:00:22,3,-1,0,buffalo
22.03,1001.04,31.31,-0.24,2021-01-01 00:00:23,3,-1,0,buffalo
22.03,1001.12,31.33,-0.45,2021-01-01 00:00:23,3,-1,0,buffalo
22.03,1001.12,31.34,-0.44,2021-01-01 00:00:24,3,-1,0,buffalo
22.03,1001.1,31.36,-0.51,2021-01-01 00:00:24,3,-1,0,buffalo
22.05,1001.12,31.35,-0.08,2021-01-01 00:00:25,3,-1,0,buffalo
22.03,1001.07,31.37,-0.43,2021-01-01 00:00:26,3,-1,0,buffalo
22.03,1001.12,31.37,-0.27,2021-01-01 00:00:26,3,-1,0,buffalo
22.04,1001.1,31.4,-0.13,2021-01-01 00:00:27,3,-1,0,buffalo
22.03,1001.04,31.41,-0.24,2021-01-01 00:00:28,3,-1,0,buffalo
22.03,1001.1,31.43,-0.3,2021-01-01 00:00:28,3,-1,0,buffalo
22.04,1001.1,31.43,-0.26,2021-01-01 00:00:29,3,-1,0,buffalo
22.03,1001.12,31.43,-0.36,2021-01-01 00:00:29,3,-1,0,buffalo
22.04,1001.13,31.45,-0.5,2021-01-01 00:00:30,3,-1,0,buffalo
22.05,1001.12,31.45,-0.49,2021-01-01 00:00:31,3,-1,0,buffalo
22.03,1001.12,31.46,-0.09999999,2021-01-01 00:00:31,3,-1,0,buffalo
22.03,1001.07,31.48,-0.49,2021-01-01 00:00:32,3,-1,0,buffalo
22.04,1001.13,31.48,-0.31,2021-01-01 00:00:32,3,-1,0,buffalo
22.04,1001.09,31.49,-0.23,2021-01-01 00:00:33,3,-1,0,buffalo
22.04,1001.11,31.49,-0.34,2021-01-01 00:00:34,3,-1,0,buffalo
22.04,1001.05,31.51,-0.09,2021-01-01 00:00:34,3,-1,0,buffalo
22.05,1001.12,31.49,-0.24,2021-01-01 00:00:35,3,-1,0,buffalo
22.04,1001.08,31.52,-0.39,2021-01-01 00:00:35,3,-1,0,buffalo
22.04,1001.1,31.51,-0.49,2021-01-01 00:00:36,3,-1,0,buffalo
22.04,1001.14,31.51,-0.21,2021-01-01 00:00:37,3,-1,0,buffalo
22.05,1001.15,31.52,-0.14,2021-01-01 00:00:37,3,-1,0,buffalo
22.04,1001.05,31.53,-0.42,2021-01-01 00:00:38,3,-1,0,buffalo
22.04,1001.08,31.54,-0.36,2021-01-01 00:00:38,3,-1,0,buffalo
22.06,1001.05,31.54,-0.08,2021-01-01 00:00:39,3,-1,0,buffalo
22.05,1001.1,31.55,-0.31,2021-01-01 00:00:40,3,-1,0,buffalo
22.05,1001.07,31.56,-0.38,2021-01-01 00:00:40,3,-1,0,buffalo
22.05,1001.13,31.57,-0.28,2021-01-01 00:00:41,3,-1,0,buffalo
22.04,1001.11,31.57,-0.37,2021-01-01 00:00:41,3,-1,0,buffalo
22.05,1001.12,31.58,-0.25,2021-01-01 00:00:42,3,-1,0,buffalo
22.06,1001.16,31.58,-0.39,2021-01-01 00:00:43,3,-1,0,buffalo
22.05,1001.1,31.59,-0.41,2021-01-01 00:00:43,3,-1,0,buffalo
22.05,1001.12,31.59,-0.28,2021-01-01 00:00:44,3,-1,0,buffalo
22.05,1001.12,31.61,-0.19,2021-01-01 00:00:44,3,-1,0,buffalo
22.04,1001.06,31.64,-0.28,2021-01-01 00:00:45,3,-1,0,buffalo
22.06,1001.08,31.65,-0.52,2021-01-01 00:00:46,3,-1,0,buffalo
22.06,1001.08,31.66,-0.37,2021-01-01 00:00:46,3,-1,0,buffalo
22.06,1001.06,31.67,-0.22,2021-01-01 00:00:47,3,-1,0,buffalo
22.06,1001.17,31.7,-0.21,2021-01-01 00:00:47,3,-1,0,buffalo
22.06,1001.05,31.7,-0.39,2021-01-01 00:00:48,3,-1,0,buffalo
22.06,1001.08,31.72,-0.33,2021-01-01 00:00:49,3,-1,0,buffalo
22.06,1001.09,31.72,-0.03,2021-01-01 00:00:49,3,-1,0,buffalo
22.06,1001.11,31.73,-0.31,2021-01-01 00:00:50,3,-1,0,buffalo
22.05,1001.07,31.75,-0.2,2021-01-01 00:00:51,3,-1,0,buffalo
22.06,1001.11,31.76,-0.18,2021-01-01 00:00:51,3,-1,0,buffalo
22.06,1001.12,31.76,-0.43,2021-01-01 00:00:52,3,-1,0,buffalo
22.07,1001.1,31.76,-0.41,2021-01-01 00:00:52,3,-1,0,buffalo
22.08,1001.09,31.78,-0.14,2021-01-01 00:00:53,3,-1,0,buffalo
22.06,1001.12,31.8,-0.35,2021-01-01 00:00:54,3,-1,0,buffalo
22.06,1001.11,31.79,-0.33,2021-01-01 00:00:54,3,-1,0,buffalo
22.07,1001.13,31.8,-0.22,2021-01-01 00:00:55,3,-1,0,buffalo
22.07,1001.1,31.79,-0.05,2021-01-01 00:00:55,3,-1,0,buffalo
22.08,1001.12,31.8,-0.51,2021-01-01 00:00:56,3,-1,0,buffalo
22.06,1001.06,31.81,-0.12,2021-01-01 00:00:57,3,-1,0,buffalo
22.06,1001.12,31.82,-0.45,2021-01-01 00:00:57,3,-1,0,buffalo
22.08,1001.17,31.82,-0.46,2021-01-01 00:00:58,3,-1,0,buffalo
22.07,1001.13,31.82,-0.39,2021-01-01 00:00:58,3,-1,0,buffalo
22.07,1001.04,31.82,-0.19,2021-01-01 00:00:59,3,-1,0,buffalo
22.07,1001.07,31.82,-0.28,2021-01-01 00:01:00,3,-1,0,buffalo
22.07,1001.13,31.81,-0.27,2021-01-01 00:01:00,3,-1,0,buffalo
22.06,1001.03,31.81,-0.21,2021-01-01 00:01:01,3,-1,0,buffalo
22.07,1001.1,31.82,-0.3,2021-01-01 00:01:01,3,-1,0,buffalo
22.08,1001.06,31.8,-0.17,2021-01-01 00:01:02,3,-1,0,buffalo
22.08,1001.09,31.78,-0.21,2021-01-01 00:01:03,3,-1,0,buffalo
22.07,1001.08,31.76,-0.59,2021-01-01 00:01:03,3,-1,0,buffalo
22.08,1001.11,31.75,-0.17,2021-01-01 00:01:04,3,-1,0,buffalo
22.08,1001.06,31.75,-0.36,2021-01-01 00:01:05,3,-1,0,buffalo
22.08,1001.09,31.74,-0.34,2021-01-01 00:01:05,3,-1,0,buffalo
22.07,1001.08,31.72,-0.37,2021-01-01 00:01:06,3,-1,0,buffalo
22.08,1001.06,31.73,-0.19,2021-01-01 00:01:06,3,-1,0,buffalo
22.08,1001.09,31.73,-0.4,2021-01-01 00:01:07,3,-1,0,buffalo
22.08,1001.07,31.73,-0.42,2021-01-01 00:01:08,3,-1,0,buffalo
22.08,1001.04,31.75,-0.51,2021-01-01 00:01:08,3,-1,0,buffalo
22.08,1001.03,31.73,-0.31,2021-01-01 00:01:09,3,-1,0,buffalo
22.08,1001.09,31.73,-0.35,2021-01-01 00:01:10,3,-1,0,buffalo
22.09,1001.08,31.75,-0.53,2021-01-01 00:01:10,3,-1,0,buffalo
22.09,1001.14,31.75,-0.42,2021-01-01 00:01:11,3,-1,0,buffalo
22.09,1001.16,31.77,-0.29,2021-01-01 00:01:11,3,-1,0,buffalo
22.09,1001.08,31.79,-0.48,2021-01-01 00:01:12,3,-1,0,buffalo
22.09,1001.08,31.77,-0.42,2021-01-01 00:01:13,3,-1,0,buffalo
22.08,1001.09,31.78,-0.21,2021-01-01 00:01:13,3,-1,0,buffalo
22.08,1001.07,31.79,-0.19,2021-01-01 00:01:14,3,-1,0,buffalo
22.09,1001.13,31.8,-0.52,2021-01-01 00:01:14,3,-1,0,buffalo
22.1,1001.12,31.82,-0.26,2021-01-01 00:01:15,3,-1,0,buffalo
22.08,1001.09,31.85,-0.3,2021-01-01 00:01:16,3,-1,0,buffalo
22.1,1001.09,31.85,-0.47,2021-01-01 00:01:16,3,-1,0,buffalo
22.09,1001.11,31.87,-0.36,2021-01-01 00:01:17,3,-1,0,buffalo
22.09,1001.14,31.9,-0.37,2021-01-01 00:01:18,3,-1,0,buffalo
22.09,1001.08,31.91,-0.37,2021-01-01 00:01:18,3,-1,0,buffalo
22.09,1001.14,31.92,-0.18,2021-01-01 00:01:19,3,-1,0,buffalo
22.1,1001.13,31.95,-0.29,2021-01-01 00:01:19,3,-1,0,buffalo
22.09,1001.05,31.95,-0.29,2021-01-01 00:01:20,3,-1,0,buffalo
22.1,1001.15,31.98,-0.44,2021-01-01 00:01:21,3,-1,0,buffalo
22.09,1001.11,31.96,-0.5,2021-01-01 00:01:21,3,-1,0,buffalo
22.08,1001.12,31.96,-0.45,2021-01-01 00:01:22,3,-1,0,buffalo
22.09,1001.08,31.98,-0.28,2021-01-01 00:01:22,3,-1,0,buffalo
22.1,1001.13,32.01,-0.23,2021-01-01 00:01:23,3,-1,0,buffalo
22.1,1001.17,32.01,-0.25,2021-01-01 00:01:24,3,-1,0,buffalo
22.1,1001.1,32.01,-0.4,2021-01-01 00:01:24,3,-1,0,buffalo
22.1,1001.07,31.98,-0.41,2021-01-01 00:01:25,3,-1,0,buffalo
22.11,1001.11,32.01,-0.32,2021-01-01 00:01:25,3,-1,0,buffalo
22.12,1001.15,32.0,-0.43,2021-01-01 00:01:26,3,-1,0,buffalo
22.11,1001.14,32.01,-0.34,2021-01-01 00:01:27,3,-1,0,buffalo
22.11,1001.11,32.02,-0.22,2021-01-01 00:01:27,3,-1,0,buffalo
22.11,1001.14,32.0,-0.08,2021-01-01 00:01:28,3,-1,0,buffalo
22.11,1001.16,32.01,-0.23,2021-01-01 00:01:28,3,-1,0,buffalo
22.12,1001.13,32.02,-0.28,2021-01-01 00:01:29,3,-1,0,buffalo
22.1,1001.1,32.03,-0.76,2021-01-01 00:01:30,3,-1,0,buffalo
22.12,1001.13,32.02,-0.35,2021-01-01 00:01:30,3,-1,0,buffalo
22.11,1001.05,32.03,-0.64,2021-01-01 00:01:31,3,-1,0,buffalo
22.11,1001.14,32.02,-0.4,2021-01-01 00:01:31,3,-1,0,buffalo
22.11,1001.09,32.04,-0.14,2021-01-01 00:01:32,3,-1,0,buffalo
22.12,1001.12,32.05,-0.38,2021-01-01 00:01:33,3,-1,0,buffalo
22.12,1001.1,32.03,-0.68,2021-01-01 00:01:33,3,-1,0,buffalo
22.12,1001.1,32.06,-0.36,2021-01-01 00:01:34,3,-1,0,buffalo
22.12,1001.08,32.06,-0.5,2021-01-01 00:01:34,3,-1,0,buffalo
22.12,1001.07,32.05,-0.35,2021-01-01 00:01:35,3,-1,0,buffalo
22.12,1001.05,32.05,-0.38,2021-01-01 00:01:36,3,-1,0,buffalo
22.13,1001.15,32.08,-0.38,2021-01-01 00:01:36,3,-1,0,buffalo
22.12,1001.1,32.06,-0.44,2021-01-01 00:01:37,3,-1,0,buffalo
22.12,1001.1,32.08,-0.38,2021-01-01 00:01:37,3,-1,0,buffalo
22.13,1001.09,32.08,-0.29,2021-01-01 00:01:38,3,-1,0,buffalo
22.12,1001.08,32.04,-0.34,2021-01-01 00:01:39,3,-1,0,buffalo
22.12,1001.16,32.04,-0.22,2021-01-01 00:01:39,3,-1,0,buffalo
22.13,1001.14,32.03,-0.25,2021-01-01 00:01:40,3,-1,0,buffalo
22.13,1001.12,32.01,-0.5,2021-01-01 00:01:40,3,-1,0,buffalo
22.13,1001.12,32.0,-0.29,2021-01-01 00:01:41,3,-1,0,buffalo
22.13,1001.04,31.96,-0.22,2021-01-01 00:01:42,3,-1,0,buffalo
22.13,1001.09,31.95,-0.19,2021-01-01 00:01:42,3,-1,0,buffalo
22.14,1001.16,31.94,-0.23,2021-01-01 00:01:43,3,-1,0,buffalo
22.13,1001.12,31.94,-0.32,2021-01-01 00:01:44,3,-1,0,buffalo
22.13,1001.2,31.92,-0.46,2021-01-01 00:01:44,3,-1,0,buffalo
22.14,1001.13,31.93,-0.36,2021-01-01 00:01:45,3,-1,0,buffalo
22.14,1001.16,31.92,-0.42,2021-01-01 00:01:45,3,-1,0,buffalo
22.13,1001.12,31.92,-0.27,2021-01-01 00:01:46,3,-1,0,buffalo
22.14,1001.07,31.89,-0.21,2021-01-01 00:01:47,3,-1,0,buffalo
22.15,1001.15,31.92,-0.5,2021-01-01 00:01:47,3,-1,0,buffalo
22.14,1001.16,31.91,-0.36,2021-01-01 00:01:48,3,-1,0,buffalo
22.14,1001.16,31.92,-0.16,2021-01-01 00:01:48,3,-1,0,buffalo
22.15,1001.15,31.91,-0.32,2021-01-01 00:01:49,3,-1,0,buffalo
22.15,1001.13,31.93,-0.32,2021-01-01 00:01:50,3,-1,0,buffalo
22.15,1001.1,31.93,-0.3,2021-01-01 00:01:50,3,-1,0,buffalo
22.15,1001.15,31.95,-0.23,2021-01-01 00:01:51,3,-1,0,buffalo
22.14,1001.16,31.95,-0.3,2021-01-01 00:01:52,3,-1,0,buffalo
22.15,1001.18,31.96,-0.4,2021-01-01 00:01:52,3,-1,0,buffalo
22.16,1001.16,31.99,-0.11,2021-01-01 00:01:53,3,-1,0,buffalo
22.16,1001.16,31.99,-0.31,2021-01-01 00:01:53,3,-1,0,buffalo
22.15,1001.09,32.04,-0.49,2021-01-01 00:01:54,3,-1,0,buffalo
22.15,1001.09,32.04,-0.36,2021-01-01 00:01:55,3,-1,0,buffalo
22.16,1001.08,32.06,-0.39,2021-01-01 00:01:55,3,-1,0,buffalo
22.16,1001.08,32.08,-0.33,2021-01-01 00:01:56,3,-1,0,buffalo
22.16,1001.08,32.07,-0.09999999,2021-01-01 00:01:56,3,-1,0,buffalo
22.16,1001.14,32.1,-0.2,2021-01-01 00:01:57,3,-1,0,buffalo
22.16,1001.09,32.11,-0.2,2021-01-01 00:01:58,3,-1,0,buffalo
22.16,1001.17,32.11,-0.35,2021-01-01 00:01:58,3,-1,0,buffalo
22.17,1001.1,32.11,-0.58,2021-01-01 00:01:59,3,-1,0,buffalo
22.17,1001.1,32.11,-0.5,2021-01-01 00:01:59,3,-1,0,buffalo
22.16,1001.09,32.11,-0.11,2021-01-01 00:02:00,3,-1,0,buffalo
22.16,1001.11,32.11,-0.5,2021-01-01 00:02:01,3,-1,0,buffalo
22.16,1001.05,32.04,0.0,2021-01-01 00:02:01,3,-1,0,buffalo
22.17,1001.12,31.87,0.65,2021-01-01 00:02:02,3,-1,0,buffalo
22.16,1001.11,31.53,0.41,2021-01-01 00:02:03,3,-1,0,buffalo
22.17,1001.08,30.92,-0.09999999,2021-01-01 00:02:03,3,-1,0,buffalo
22.17,1001.19,30.62,-0.09,2021-01-01 00:02:04,3,-1,0,buffalo
22.17,1001.1,30.41,0.49,2021-01-01 00:02:04,3,-1,0,buffalo
22.18,1001.14,30.27,-0.27,2021-01-01 00:02:05,3,-1,0,buffalo
22.18,1001.14,30.13,-0.21,2021-01-01 00:02:06,3,-1,0,buffalo
22.17,1001.1,30.04,-0.29,2021-01-01 00:02:06,3,-1,0,buffalo
22.18,1001.17,29.95,-0.17,2021-01-01 00:02:07,3,-1,0,buffalo
22.18,1001.06,29.9,-0.31,2021-01-01 00:02:07,3,-1,0,buffalo
22.18,1001.08,29.82,-0.22,2021-01-01 00:02:08,3,-1,0,buffalo
22.17,1001.08,29.79,-0.49,2021-01-01 00:02:09,3,-1,0,buffalo
22.18,1001.15,29.73,-0.61,2021-01-01 00:02:09,3,-1,0,buffalo
22.18,1001.08,29.7,-0.65,2021-01-01 00:02:10,3,-1,0,buffalo
22.19,1001.13,29.67,-1.0,2021-01-01 00:02:11,3,-1,0,buffalo
22.19,1001.08,29.63,-0.42,2021-01-01 00:02:11,3,-1,0,buffalo
22.18,1001.06,29.62,-0.82,2021-01-01 00:02:12,3,-1,0,buffalo
22.19,1001.16,29.61,0.29,2021-01-01 00:02:12,3,-1,0,buffalo
22.19,1001.08,29.63,0.05,2021-01-01 00:02:13,3,-1,0,buffalo
22.18,1001.09,29.65,0.03,2021-01-01 00:02:14,3,-1,0,buffalo
22.19,1001.14,29.67,0.72,2021-01-01 00:02:14,3,-1,0,buffalo
22.19,1001.08,29.71,-0.4,2021-01-01 00:02:15,3,-1,0,buffalo
22.2,1001.12,29.72,-0.3,2021-01-01 00:02:16,3,-1,0,buffalo
22.2,1001.09,29.75,0.0,2021-01-01 00:02:16,3,-1,0,buffalo
22.21,1001.1,29.81,-0.08,2021-01-01 00:02:17,3,-1,0,buffalo
22.2,1001.12,29.83,-0.95,2021-01-01 00:02:17,3,-1,0,buffalo
22.21,1001.1,29.87,-0.79,2021-01-01 00:02:18,3,-1,0,buffalo
22.2,1001.09,29.91,-1.25,2021-01-01 00:02:19,3,-1,0,buffalo
22.19,1001.11,29.96,-0.72,2021-01-01 00:02:19,3,-1,0,buffalo
22.19,1001.08,29.99,0.79,2021-01-01 00:02:20,3,-1,0,buffalo
22.2,1001.04,30.07,0.08,2021-01-01 00:02:20,3,-1,0,buffalo
22.2,1001.01,30.15,0.34,2021-01-01 00:02:21,3,0,0,buffalo
22.2,1000.88,30.28,0.22,2021-01-01 00:02:22,3,0,0,buffalo
22.21,1000.75,30.44,0.16,2021-01-01 00:02:22,3,0,0,buffalo
22.21,1000.58,30.61,-0.41,2021-01-01 00:02:23,3,0,0,buffalo
22.21,1000.37,30.71,0.0,2021-01-01 00:02:23,3,0,0,buffalo
22.21,1000.15,30.79,-0.52,2021-01-01 00:02:24,3,0,0,buffalo
22.21,1000.0,30.82,-0.37,2021-01-01 00:02:25,3,0,0,buffalo
22.21,999.79,30.85,-0.41,2021-01-01 00:02:25,3,0,0,buffalo
22.21,999.62,30.87,-0.29,2021-01-01 00:02:26,3,0,0,buffalo
22.21,999.48,30.85,-0.38,2021-01-01 00:02:26,3,0,0,buffalo
22.22,999.3,30.84,-0.24,2021-01-01 00:02:27,3,0,0,buffalo
22.21,999.15,30.81,-0.65,2021-01-01 00:02:28,3,0,0,buffalo
22.22,998.94,30.81,-0.14,2021-01-01 00:02:28,3,0,0,buffalo
22.22,998.8,30.77,-0.52,2021-01-01 00:02:29,3,0,0,buffalo
22.23,998.54,30.77,-0.9,2021-01-01 00:02:29,3,0,0,buffalo
22.22,998.39,30.74,-1.16,2021-01-01 00:02:30,3,0,0,buffalo
22.22,998.22,30.74,-1.16,2021-01-01 00:02:31,3,7,0,buffalo
22.24,998.26,30.71,-1.25,2021-01-01 00:02:31,3,7,0,buffalo
22.24,998.17,30.7,-0.9599999,2021-01-01 00:02:32,3,7,0,buffalo
22.23,998.19,30.69,-0.67,2021-01-01 00:02:32,3,7,0,buffalo
22.24,998.17,30.68,-0.6,2021-01-01 00:02:33,3,7,0,buffalo
22.24,998.17,30.67,-0.36,2021-01-01 00:02:34,3,7,0,buffalo
22.24,998.15,30.65,-0.22,2021-01-01 00:02:34,3,7,0,buffalo
22.23,998.16,30.65,-0.27,2021-01-01 00:02:35,3,7,0,buffalo
22.23,998.13,30.63,-0.42,2021-01-01 00:02:36,3,7,0,buffalo
22.23,998.13,30.62,-0.46,2021-01-01 00:02:36,3,7,0,buffalo
22.24,998.15,30.59,-0.39,2021-01-01 00:02:37,3,7,0,buffalo
22.23,998.08,30.6,-0.42,2021-01-01 00:02:37,3,7,0,buffalo
22.23,998.22,30.59,-0.24,2021-01-01 00:02:38,3,7,0,buffalo
22.24,998.21,30.59,-0.35,2021-01-01 00:02:39,3,7,0,buffalo
22.24,998.23,30.59,-0.46,2021-01-01 00:02:39,3,7,0,buffalo
22.24,998.12,30.61,-0.24,2021-01-01 00:02:40,3,7,0,buffalo
22.24,998.15,30.61,-0.39,2021-01-01 00:02:40,3,7,0,buffalo
22.24,998.18,30.64,-0.41,2021-01-01 00:02:41,3,7,0,buffalo
22.24,998.2,30.65,-0.03,2021-01-01 00:02:42,3,7,0,buffalo
22.24,998.18,30.65,-0.45,2021-01-01 00:02:42,3,7,0,buffalo
22.25,998.13,30.66,-0.05,2021-01-01 00:02:43,3,7,0,buffalo
22.26,998.17,30.62,-0.39,2021-01-01 00:02:43,3,7,0,buffalo
22.26,998.17,30.6,-0.35,2021-01-01 00:02:44,3,7,0,buffalo
22.25,998.19,30.61,-0.28,2021-01-01 00:02:45,3,7,0,buffalo
22.26,998.2,30.59,-0.31,2021-01-01 00:02:45,3,7,0,buffalo
22.26,998.17,30.61,-0.41,2021-01-01 00:02:46,3,7,0,buffalo
22.26,998.15,30.61,-0.4,2021-01-01 00:02:47,3,7,0,buffalo
22.26,998.2,30.59,-0.47,2021-01-01 00:02:47,3,7,0,buffalo
22.26,998.18,30.6,-0.42,2021-01-01 00:02:48,3,7,0,buffalo
22.26,998.12,30.59,-0.17,2021-01-01 00:02:48,3,7,0,buffalo
22.26,998.21,30.58,-0.33,2021-01-01 00:02:49,3,7,0,buffalo
22.27,998.1,30.59,0.21,2021-01-01 00:02:50,3,7,0,buffalo
22.27,998.08,30.56,0.009999999,2021-01-01 00:02:50,3,0,0,buffalo
22.28,998.06,30.56,0.48,2021-01-01 00:02:51,3,0,0,buffalo
22.27,998.0,30.56,0.49,2021-01-01 00:02:51,3,0,0,buffalo
22.27,997.81,30.57,0.21,2021-01-01 00:02:52,3,0,0,buffalo
22.27,997.7,30.54,-0.8,2021-01-01 00:02:53,3,0,0,buffalo
22.27,997.53,30.54,-1.02,2021-01-01 00:02:53,3,0,0,buffalo
22.27,997.48,30.5,-1.19,2021-01-01 00:02:54,3,0,0,buffalo
22.27,997.37,30.49,-0.83,2021-01-01 00:02:54,3,9,0,buffalo
22.27,997.39,30.44,-0.78,2021-01-01 00:02:55,3,9,0,buffalo
22.28,997.33,30.41,-0.55,2021-01-01 00:02:56,3,9,0,buffalo
22.28,997.35,30.39,-0.34,2021-01-01 00:02:56,3,9,0,buffalo
22.27,997.31,30.35,-0.4,2021-01-01 00:02:57,3,9,0,buffalo
22.28,997.44,30.34,-0.42,2021-01-01 00:02:58,3,9,0,buffalo
22.28,997.37,30.3,-0.4,2021-01-01 00:02:58,3,9,0,buffalo
22.28,997.41,30.27,-0.49,2021-01-01 00:02:59,3,9,0,buffalo
22.29,997.42,30.22,-0.37,2021-01-01 00:02:59,3,9,0,buffalo
22.28,997.36,30.2,-0.17,2021-01-01 00:03:00,3,9,0,buffalo
22.29,997.45,30.19,-0.25,2021-01-01 00:03:01,3,9,0,buffalo
22.29,997.34,30.16,-0.42,2021-01-01 00:03:01,3,9,0,buffalo
22.3,997.35,30.14,-0.32,2021-01-01 00:03:02,3,9,0,buffalo
22.29,997.39,30.11,-0.35,2021-01-01 00:03:02,3,9,0,buffalo
22.3,997.41,30.09,-0.3,2021-01-01 00:03:03,3,9,0,buffalo
22.29,997.4,30.07,-0.4,2021-01-01 00:03:04,3,9,0,buffalo
22.29,997.4,30.05,-0.43,2021-01-01 00:03:04,3,9,0,buffalo
22.29,997.43,30.02,-0.45,2021-01-01 00:03:05,3,9,0,buffalo
22.3,997.39,30.02,-0.4,2021-01-01 00:03:06,3,9,0,buffalo
22.3,997.41,30.0,-0.26,2021-01-01 00:03:06,3,9,0,buffalo
22.3,997.44,29.99,-0.11,2021-01-01 00:03:07,3,9,0,buffalo
22.3,997.35,30.0,-0.54,2021-01-01 00:03:07,3,9,0,buffalo
22.3,997.33,29.99,-0.26,2021-01-01 00:03:08,3,9,0,buffalo
22.3,997.33,29.98,-0.32,2021-01-01 00:03:09,3,9,0,buffalo
22.31,997.37,29.99,-0.31,2021-01-01 00:03:09,3,9,0,buffalo
22.31,997.37,30.0,-0.22,2021-01-01 00:03:10,3,9,0,buffalo
22.3,997.36,30.0,-0.34,2021-01-01 00:03:11,3,9,0,buffalo
22.31,997.4,29.99,-0.31,2021-01-01 00:03:11,3,9,0,buffalo
22.32,997.36,29.99,-0.31,2021-01-01 00:03:12,3,9,0,buffalo
22.32,997.36,29.98,0.79,2021-01-01 00:03:12,3,9,0,buffalo
22.32,997.34,29.98,0.42,2021-01-01 00:03:13,3,9,0,buffalo
22.31,997.27,29.99,0.18,2021-01-01 00:03:14,3,0,0,buffalo
22.33,997.21,30.0,0.0,2021-01-01 00:03:14,3,0,0,buffalo
22.32,997.09,30.01,0.16,2021-01-01 00:03:15,3,0,0,buffalo
22.32,996.94,30.0,-0.54,2021-01-01 00:03:15,3,0,0,buffalo
22.32,996.78,30.0,-1.3,2021-01-01 00:03:16,3,0,0,buffalo
22.32,996.69,30.05,-1.4,2021-01-01 00:03:17,3,11,0,buffalo
22.33,996.63,30.07,-0.9,2021-01-01 00:03:17,3,11,0,buffalo
22.32,996.61,30.09,-0.43,2021-01-01 00:03:18,3,11,0,buffalo
22.33,996.66,30.11,-0.53,2021-01-01 00:03:18,3,11,0,buffalo
22.32,996.56,30.14,-0.51,2021-01-01 00:03:19,3,11,0,buffalo
22.33,996.66,30.2,-0.36,2021-01-01 00:03:20,3,11,0,buffalo
22.33,996.6,30.24,-0.22,2021-01-01 00:03:20,3,11,0,buffalo
22.33,996.61,30.29,-0.32,2021-01-01 00:03:21,3,11,0,buffalo
22.34,996.62,30.32,-0.64,2021-01-01 00:03:21,3,11,0,buffalo
22.33,996.55,30.36,-0.33,2021-01-01 00:03:22,3,11,0,buffalo
22.33,996.63,30.38,-0.29,2021-01-01 00:03:23,3,11,0,buffalo
22.34,996.6,30.4,0.23,2021-01-01 00:03:23,3,11,0,buffalo
22.34,996.64,30.4,-0.55,2021-01-01 00:03:24,3,11,0,buffalo
22.34,996.59,30.44,-0.6,2021-01-01 00:03:24,3,11,0,buffalo
22.34,996.59,30.45,-1.05,2021-01-01 00:03:25,3,11,0,buffalo
22.34,996.62,30.49,-0.6,2021-01-01 00:03:26,3,11,0,buffalo
22.34,996.62,30.52,-0.47,2021-01-01 00:03:26,3,11,0,buffalo
22.34,996.6,30.54,-0.37,2021-01-01 00:03:27,3,11,0,buffalo
22.34,996.62,30.56,-0.35,2021-01-01 00:03:27,3,11,0,buffalo
22.35,996.59,30.6,-0.24,2021-01-01 00:03:28,3,11,0,buffalo
22.34,996.62,30.64,-0.39,2021-01-01 00:03:29,3,11,0,buffalo
22.35,996.61,30.69,-0.36,2021-01-01 00:03:29,3,11,0,buffalo
22.35,996.7,30.71,-0.33,2021-01-01 00:03:30,3,11,0,buffalo
22.35,996.58,30.76,-0.31,2021-01-01 00:03:30,3,11,0,buffalo
22.37,996.66,30.77,-0.16,2021-01-01 00:03:31,3,11,0,buffalo
22.36,996.68,30.78,-0.26,2021-01-01 00:03:32,3,11,0,buffalo
22.37,996.67,30.82,-0.31,2021-01-01 00:03:32,3,11,0,buffalo
22.36,996.62,30.84,-0.33,2021-01-01 00:03:33,3,11,0,buffalo
22.36,996.59,30.85,-0.16,2021-01-01 00:03:33,3,11,0,buffalo
22.37,996.62,30.84,-0.2,2021-01-01 00:03:34,3,11,0,buffalo
22.37,996.66,30.87,-0.47,2021-01-01 00:03:35,3,11,0,buffalo
22.38,996.6,30.87,-1.3,2021-01-01 00:03:35,3,11,0,buffalo
22.38,996.65,30.9,-1.04,2021-01-01 00:03:36,3,11,0,buffalo
22.37,996.65,30.91,-1.02,2021-01-01 00:03:37,3,11,0,buffalo
22.38,996.77,30.92,-0.8599999,2021-01-01 00:03:37,3,0,0,buffalo
22.38,996.94,30.95,-1.24,2021-01-01 00:03:38,3,0,0,buffalo
22.38,997.08,30.96,-0.69,2021-01-01 00:03:38,3,0,0,buffalo
22.38,997.19,31.0,-0.35,2021-01-01 00:03:39,3,0,0,buffalo
22.37,997.39,31.06,-0.56,2021-01-01 00:03:40,3,0,0,buffalo
22.39,997.64,31.07,0.04,2021-01-01 00:03:40,3,0,0,buffalo
22.39,997.83,31.11,0.29,2021-01-01 00:03:41,3,0,0,buffalo
22.38,998.01,31.15,0.55,2021-01-01 00:03:41,3,0,0,buffalo
22.39,998.08,31.16,0.48,2021-01-01 00:03:42,3,0,0,buffalo
22.38,998.15,31.2,0.31,2021-01-01 00:03:43,3,7,0,buffalo
22.39,998.13,31.22,-0.04,2021-01-01 00:03:43,3,7,0,buffalo
22.39,998.13,31.23,-0.21,2021-01-01 00:03:44,3,7,0,buffalo
22.4,998.18,31.23,-0.3,2021-01-01 00:03:44,3,7,0,buffalo
22.4,998.16,31.23,-0.34,2021-01-01 00:03:45,3,7,0,buffalo
22.4,998.15,31.22,-0.32,2021-01-01 00:03:46,3,7,0,buffalo
22.4,998.12,31.22,-0.35,2021-01-01 00:03:46,3,7,0,buffalo
22.4,998.15,31.18,-0.14,2021-01-01 00:03:47,3,7,0,buffalo
22.4,998.18,31.13,-0.41,2021-01-01 00:03:48,3,7,0,buffalo
22.4,998.18,31.09,-0.46,2021-01-01 00:03:48,3,7,0,buffalo
22.4,998.1,31.0,-0.76,2021-01-01 00:03:49,3,7,0,buffalo
22.41,998.16,30.9,0.08,2021-01-01 00:03:49,3,7,0,buffalo
22.42,998.18,30.72,1.37,2021-01-01 00:03:50,3,7,0,buffalo
22.41,998.14,30.26,-0.04,2021-01-01 00:03:51,3,7,0,buffalo
22.42,998.13,29.95,-0.61,2021-01-01 00:03:51,3,7,0,buffalo
22.41,998.15,29.8,-0.76,2021-01-01 00:03:52,3,7,0,buffalo
22.42,998.15,29.67,-0.54,2021-01-01 00:03:52,3,7,0,buffalo
22.41,998.17,29.62,0.36,2021-01-01 00:03:53,3,7,0,buffalo
22.42,998.13,29.58,-0.19,2021-01-01 00:03:54,3,7,0,buffalo
22.42,998.13,29.54,-0.18,2021-01-01 00:03:54,3,7,0,buffalo
23.02,998.23,41.24,-0.35,2021-01-01 00:00:05,3,7,0,buffalo
22.97,998.26,40.68,-0.34,2021-01-01 00:00:06,3,7,0,buffalo
22.98,998.25,40.19,-0.34,2021-01-01 00:00:07,3,7,0,buffalo
22.98,998.22,39.84,-0.32,2021-01-01 00:00:07,3,7,0,buffalo
22.97,998.26,39.52,-0.34,2021-01-01 00:00:08,3,7,0,buffalo
22.98,998.22,39.23,-0.36,2021-01-01 00:00:08,3,7,0,buffalo
22.84,987.59,32.39,-0.09999999,2021-01-01 00:00:05,4,7,1,buffalo
22.81,987.55,32.2,-0.84,2021-01-01 00:00:06,4,7,1,buffalo
22.8,987.59,32.19,-0.6,2021-01-01 00:00:06,4,7,1,buffalo
22.79,987.57,32.11,-0.08,2021-01-01 00:00:07,4,7,1,buffalo
22.8,987.59,31.92,-0.57,2021-01-01 00:00:07,4,7,1,buffalo
22.81,987.62,31.75,-0.5,2021-01-01 00:00:08,4,7,1,buffalo
22.79,987.57,31.88,-0.14,2021-01-01 00:00:09,4,7,1,buffalo
22.8,987.59,32.02,1.28,2021-01-01 00:00:09,4,7,1,buffalo
22.81,987.54,32.08,0.26,2021-01-01 00:00:10,4,7,1,buffalo
22.8,987.56,32.12,-0.44,2021-01-01 00:00:10,4,7,1,buffalo
22.81,987.55,32.14,-0.43,2021-01-01 00:00:11,4,7,1,buffalo
22.81,987.59,32.16,-0.22,2021-01-01 00:00:11,4,7,1,buffalo
22.81,987.46,32.23,-0.43,2021-01-01 00:00:12,4,7,1,buffalo
22.81,987.49,32.34,-0.23,2021-01-01 00:00:13,4,7,1,buffalo
22.81,987.54,32.31,-0.35,2021-01-01 00:00:13,4,7,1,buffalo
22.82,987.5,32.3,-0.19,2021-01-01 00:00:14,4,7,1,buffalo
22.82,987.54,32.27,0.38,2021-01-01 00:00:14,4,7,1,buffalo
22.82,987.55,32.27,-1.12,2021-01-01 00:00:15,4,7,1,buffalo
22.83,987.54,32.29,1.24,2021-01-01 00:00:16,4,7,1,buffalo
22.83,987.54,32.32,-0.27,2021-01-01 00:00:16,4,7,1,buffalo
22.83,987.61,32.32,-0.06,2021-01-01 00:00:17,4,7,1,buffalo
22.83,987.52,32.3,0.23,2021-01-01 00:00:17,4,7,1,buffalo
22.84,987.56,32.25,0.17,2021-01-01 00:00:18,4,7,1,buffalo
22.83,987.55,32.18,0.17,2021-01-01 00:00:19,4,7,1,buffalo
22.82,987.51,32.17,1.64,2021-01-01 00:00:19,4,0,1,buffalo
22.83,987.5,32.17,0.68,2021-01-01 00:00:20,4,0,1,buffalo
22.84,987.4,32.2,0.73,2021-01-01 00:00:20,4,0,1,buffalo
22.84,987.32,32.23,0.17,2021-01-01 00:00:21,4,0,1,buffalo
22.84,987.26,32.25,-0.61,2021-01-01 00:00:22,4,0,1,buffalo
22.84,987.17,32.28,-0.97,2021-01-01 00:00:22,4,8,1,buffalo
22.84,987.17,32.29,-0.6,2021-01-01 00:00:23,4,8,1,buffalo
22.85,987.16,32.27,-0.06,2021-01-01 00:00:23,4,8,1,buffalo
22.85,987.13,32.22,0.03,2021-01-01 00:00:24,4,8,1,buffalo
22.85,987.14,32.23,0.12,2021-01-01 00:00:25,4,8,1,buffalo
22.84,987.13,32.32,0.009999999,2021-01-01 00:00:25,4,8,1,buffalo
22.85,987.11,32.33,-0.02,2021-01-01 00:00:26,4,8,1,buffalo
22.86,987.12,32.36,0.04,2021-01-01 00:00:26,4,8,1,buffalo
22.85,987.22,32.4,0.09,2021-01-01 00:00:27,4,8,1,buffalo
22.87,987.14,32.39,0.06,2021-01-01 00:00:28,4,8,1,buffalo
22.86,987.16,32.38,0.08,2021-01-01 00:00:28,4,8,1,buffalo
22.87,987.17,32.35,0.08,2021-01-01 00:00:29,4,8,1,buffalo
22.86,987.15,32.35,0.0,2021-01-01 00:00:29,4,8,1,buffalo
22.86,987.13,32.32,-0.09,2021-01-01 00:00:30,4,8,1,buffalo
22.86,987.1,32.31,-0.09,2021-01-01 00:00:31,4,8,1,buffalo
22.87,987.09,32.29,-0.07,2021-01-01 00:00:31,4,8,1,buffalo
22.87,987.14,32.29,-0.03,2021-01-01 00:00:32,4,8,1,buffalo
22.87,987.15,32.28,0.04,2021-01-01 00:00:32,4,8,1,buffalo
22.87,987.12,32.27,-0.09999999,2021-01-01 00:00:33,4,8,1,buffalo
22.87,987.14,32.2,0.13,2021-01-01 00:00:34,4,8,1,buffalo
22.87,987.15,32.14,-0.06,2021-01-01 00:00:34,4,8,1,buffalo
22.88,987.19,32.12,-0.06,2021-01-01 00:00:35,4,8,1,buffalo
22.87,987.12,32.12,0.15,2021-01-01 00:00:36,4,8,1,buffalo
22.88,987.18,32.12,0.06,2021-01-01 00:00:36,4,8,1,buffalo
22.88,987.18,32.15,-0.05,2021-01-01 00:00:37,4,8,1,buffalo
22.88,987.15,32.21,0.0,2021-01-01 00:00:37,4,8,1,buffalo
22.88,987.16,32.27,0.05,2021-01-01 00:00:38,4,8,1,buffalo
22.88,987.13,32.3,1.88,2021-01-01 00:00:39,4,8,1,buffalo
22.88,987.04,32.32,0.71,2021-01-01 00:00:39,4,8,1,buffalo
22.88,987.13,32.37,0.72,2021-01-01 00:00:40,4,8,1,buffalo
22.87,986.95,32.37,0.24,2021-01-01 00:00:40,4,0,1,buffalo
22.88,986.85,32.38,-0.76,2021-01-01 00:00:41,4,0,1,buffalo
22.9,986.74,32.41,-0.8,2021-01-01 00:00:42,4,9,1,buffalo
22.89,986.81,32.43,-0.31,2021-01-01 00:00:42,4,9,1,buffalo
22.88,986.72,32.45,-0.31,2021-01-01 00:00:43,4,9,1,buffalo
22.89,986.7,32.47,0.11,2021-01-01 00:00:43,4,9,1,buffalo
22.89,986.73,32.53,0.12,2021-01-01 00:00:44,4,9,1,buffalo
22.89,986.67,32.58,-0.08,2021-01-01 00:00:45,4,9,1,buffalo
22.89,986.73,32.64,0.09999999,2021-01-01 00:00:45,4,9,1,buffalo
22.9,986.71,32.7,0.09,2021-01-01 00:00:46,4,9,1,buffalo
22.9,986.72,32.76,0.04,2021-01-01 00:00:46,4,9,1,buffalo
22.9,986.74,32.81,0.009999999,2021-01-01 00:00:47,4,9,1,buffalo
22.91,986.73,32.84,0.13,2021-01-01 00:00:48,4,9,1,buffalo
22.91,986.73,32.87,0.06,2021-01-01 00:00:48,4,9,1,buffalo
22.92,986.75,32.91,0.05,2021-01-01 00:00:49,4,9,1,buffalo
22.92,986.71,32.94,0.0,2021-01-01 00:00:50,4,9,1,buffalo
22.92,986.78,32.98,0.03,2021-01-01 00:00:50,4,9,1,buffalo
22.93,986.76,32.99,0.04,2021-01-01 00:00:51,4,9,1,buffalo
22.92,986.78,32.96,0.08,2021-01-01 00:00:51,4,9,1,buffalo
22.92,986.75,32.93,0.09999999,2021-01-01 00:00:52,4,9,1,buffalo
22.93,986.76,32.92,0.04,2021-01-01 00:00:53,4,9,1,buffalo
22.92,986.69,32.93,0.13,2021-01-01 00:00:53,4,9,1,buffalo
22.93,986.74,32.93,0.19,2021-01-01 00:00:54,4,9,1,buffalo
22.94,986.78,32.95,0.009999999,2021-01-01 00:00:54,4,9,1,buffalo
22.94,986.8,32.92,0.03,2021-01-01 00:00:55,4,9,1,buffalo
22.94,986.69,32.91,0.03,2021-01-01 00:00:56,4,9,1,buffalo
22.94,986.77,32.9,0.02,2021-01-01 00:00:56,4,9,1,buffalo
22.94,986.72,32.83,0.05,2021-01-01 00:00:57,4,9,1,buffalo
22.94,986.78,32.82,-0.04,2021-01-01 00:00:58,4,9,1,buffalo
22.95,986.71,32.81,0.07,2021-01-01 00:00:58,4,9,1,buffalo
22.95,986.71,32.81,0.79,2021-01-01 00:00:59,4,0,1,buffalo
22.95,986.57,32.79,0.74,2021-01-01 00:00:59,4,0,1,buffalo
22.96,986.53,32.8,-0.33,2021-01-01 00:01:00,4,0,1,buffalo
22.96,986.45,32.81,-0.8,2021-01-01 00:01:01,4,0,1,buffalo
22.97,986.41,32.84,-0.54,2021-01-01 00:01:01,4,0,1,buffalo
22.97,986.41,32.87,-0.22,2021-01-01 00:01:02,4,10,1,buffalo
22.97,986.35,32.91,-0.04,2021-01-01 00:01:02,4,10,1,buffalo
22.98,986.37,32.89,0.08,2021-01-01 00:01:03,4,10,1,buffalo
22.97,986.39,32.87,0.06,2021-01-01 00:01:04,4,10,1,buffalo
22.98,986.34,32.83,0.03,2021-01-01 00:01:04,4,10,1,buffalo
22.98,986.37,32.85,0.21,2021-01-01 00:01:05,4,10,1,buffalo
22.97,986.39,32.8,0.03,2021-01-01 00:01:05,4,10,1,buffalo
22.99,986.44,32.8,0.07,2021-01-01 00:01:06,4,10,1,buffalo
22.98,986.35,32.75,0.08,2021-01-01 00:01:07,4,10,1,buffalo
22.99,986.39,32.67,0.15,2021-01-01 00:01:07,4,10,1,buffalo
22.99,986.45,32.61,-0.18,2021-01-01 00:01:08,4,10,1,buffalo
22.99,986.38,32.55,0.0,2021-01-01 00:01:08,4,10,1,buffalo
22.99,986.42,32.54,0.15,2021-01-01 00:01:09,4,10,1,buffalo
22.99,986.36,32.53,0.05,2021-01-01 00:01:10,4,10,1,buffalo
22.99,986.39,32.53,0.16,2021-01-01 00:01:10,4,10,1,buffalo
23.0,986.43,32.56,-0.009999999,2021-01-01 00:01:11,4,10,1,buffalo
23.0,986.4,32.58,-0.02,2021-01-01 00:01:11,4,10,1,buffalo
23.0,986.43,32.58,0.08,2021-01-01 00:01:12,4,10,1,buffalo
22.99,986.39,32.53,0.11,2021-01-01 00:01:13,4,10,1,buffalo
23.01,986.44,32.37,0.06,2021-01-01 00:01:13,4,10,1,buffalo
23.01,986.41,32.29,0.07,2021-01-01 00:01:14,4,10,1,buffalo
23.01,986.44,32.23,0.13,2021-01-01 00:01:14,4,10,1,buffalo
23.02,986.47,32.21,0.11,2021-01-01 00:01:15,4,10,1,buffalo
23.01,986.45,32.14,0.09,2021-01-01 00:01:16,4,10,1,buffalo
23.01,986.42,32.08,0.03,2021-01-01 00:01:16,4,10,1,buffalo
23.02,986.43,32.07,0.04,2021-01-01 00:01:17,4,10,1,buffalo
23.02,986.4,32.05,0.0,2021-01-01 00:01:17,4,10,1,buffalo
23.03,986.39,32.05,0.06,2021-01-01 00:01:18,4,10,1,buffalo
23.02,986.38,32.05,0.22,2021-01-01 00:01:19,4,10,1,buffalo
23.02,986.41,32.06,0.03,2021-01-01 00:01:19,4,10,1,buffalo
23.01,986.37,32.05,0.13,2021-01-01 00:01:20,4,10,1,buffalo
23.03,986.36,32.04,0.2,2021-01-01 00:01:20,4,10,1,buffalo
23.03,986.34,32.05,0.47,2021-01-01 00:01:21,4,10,1,buffalo
23.03,986.45,32.04,-0.85,2021-01-01 00:01:22,4,10,1,buffalo
23.03,986.43,32.01,0.56,2021-01-01 00:01:22,4,10,1,buffalo
23.03,986.4,32.2,0.14,2021-01-01 00:01:23,4,10,1,buffalo
23.04,986.44,32.28,-0.14,2021-01-01 00:01:23,4,10,1,buffalo
23.04,986.41,32.27,0.46,2021-01-01 00:01:24,4,10,1,buffalo
23.04,986.42,32.22,-0.14,2021-01-01 00:01:25,4,10,1,buffalo
23.05,986.42,32.2,0.17,2021-01-01 00:01:25,4,10,1,buffalo
23.05,986.32,32.18,-0.13,2021-01-01 00:01:26,4,10,1,buffalo
23.05,986.4,32.17,-0.31,2021-01-01 00:01:26,4,10,1,buffalo
23.06,986.36,32.13,-0.41,2021-01-01 00:01:27,4,10,1,buffalo
23.05,986.35,32.13,0.9799999,2021-01-01 00:01:28,4,10,1,buffalo
23.05,986.32,32.11,0.65,2021-01-01 00:01:28,4,0,1,buffalo
23.06,986.28,32.1,0.69,2021-01-01 00:01:29,4,0,1,buffalo
23.07,986.23,32.09,0.19,2021-01-01 00:01:29,4,0,1,buffalo
23.06,986.09,32.06,-0.54,2021-01-01 00:01:30,4,0,1,buffalo
23.06,986.0,32.06,-0.84,2021-01-01 00:01:31,4,11,1,buffalo
23.06,986.03,32.1,-0.15,2021-01-01 00:01:31,4,11,1,buffalo
23.07,985.99,32.12,0.009999999,2021-01-01 00:01:32,4,11,1,buffalo
23.06,985.95,32.14,0.0,2021-01-01 00:01:33,4,11,1,buffalo
23.06,986.01,32.16,0.07,2021-01-01 00:01:33,4,11,1,buffalo
23.05,985.91,32.17,0.15,2021-01-01 00:01:34,4,11,1,buffalo
23.07,986.01,32.14,-0.09999999,2021-01-01 00:01:34,4,11,1,buffalo
23.08,985.97,32.13,0.03,2021-01-01 00:01:35,4,11,1,buffalo
23.06,985.95,32.13,0.05,2021-01-01 00:01:36,4,11,1,buffalo
23.07,985.99,32.1,0.02,2021-01-01 00:01:36,4,11,1,buffalo
23.07,985.99,32.1,0.18,2021-01-01 00:01:37,4,11,1,buffalo
23.08,985.97,32.09,-0.05,2021-01-01 00:01:37,4,11,1,buffalo
23.08,986.04,32.1,-0.03,2021-01-01 00:01:38,4,11,1,buffalo
23.08,985.97,32.11,0.05,2021-01-01 00:01:39,4,11,1,buffalo
23.09,985.96,32.1,0.09,2021-01-01 00:01:39,4,11,1,buffalo
23.08,985.95,32.09,0.009999999,2021-01-01 00:01:40,4,11,1,buffalo
23.07,985.99,32.06,0.07,2021-01-01 00:01:40,4,11,1,buffalo
23.07,985.99,31.98,0.17,2021-01-01 00:01:41,4,11,1,buffalo
23.09,985.99,32.08,-0.04,2021-01-01 00:01:42,4,11,1,buffalo
23.08,986.01,32.59,0.0,2021-01-01 00:01:42,4,11,1,buffalo
23.09,986.02,33.07,-0.08,2021-01-01 00:01:43,4,11,1,buffalo
23.1,985.98,33.29,0.02,2021-01-01 00:01:44,4,11,1,buffalo
23.09,986.0,33.26,0.07,2021-01-01 00:01:44,4,11,1,buffalo
23.1,985.92,33.21,0.0,2021-01-01 00:01:45,4,11,1,buffalo
23.09,985.99,33.16,0.14,2021-01-01 00:01:45,4,11,1,buffalo
23.1,985.98,33.08,-0.02,2021-01-01 00:01:46,4,11,1,buffalo
23.1,985.98,32.99,0.05,2021-01-01 00:01:47,4,11,1,buffalo
23.1,986.07,32.91,0.83,2021-01-01 00:01:47,4,0,1,buffalo
23.1,985.98,32.88,0.63,2021-01-01 00:01:48,4,0,1,buffalo
23.1,985.93,32.87,0.7,2021-01-01 00:01:48,4,0,1,buffalo
23.1,985.74,32.82,0.06,2021-01-01 00:01:49,4,0,1,buffalo
23.12,985.73,32.75,-0.67,2021-01-01 00:01:50,4,0,1,buffalo
23.1,985.62,32.69,-0.77,2021-01-01 00:01:50,4,12,1,buffalo
23.1,985.56,32.61,-0.53,2021-01-01 00:01:51,4,12,1,buffalo
23.1,985.63,32.58,-0.06,2021-01-01 00:01:52,4,12,1,buffalo
23.1,985.63,32.5,-0.04,2021-01-01 00:01:52,4,12,1,buffalo
23.1,985.57,32.39,0.03,2021-01-01 00:01:53,4,12,1,buffalo
23.11,985.62,32.35,0.009999999,2021-01-01 00:01:53,4,12,1,buffalo
23.11,985.59,32.33,0.07,2021-01-01 00:01:54,4,12,1,buffalo
23.11,985.62,32.31,0.13,2021-01-01 00:01:55,4,12,1,buffalo
23.12,985.63,32.29,0.08,2021-01-01 00:01:55,4,12,1,buffalo
23.12,985.6,32.27,0.02,2021-01-01 00:01:56,4,12,1,buffalo
23.12,985.62,32.26,0.15,2021-01-01 00:01:57,4,12,1,buffalo
23.12,985.63,32.26,-0.04,2021-01-01 00:01:57,4,12,1,buffalo
23.11,985.62,32.24,0.0,2021-01-01 00:01:58,4,12,1,buffalo
23.12,985.6,32.22,-0.009999999,2021-01-01 00:01:58,4,12,1,buffalo
23.12,985.57,32.23,0.02,2021-01-01 00:01:59,4,12,1,buffalo
23.13,985.61,32.25,0.17,2021-01-01 00:01:59,4,12,1,buffalo
23.13,985.56,32.24,0.06,2021-01-01 00:02:00,4,12,1,buffalo
23.13,985.64,32.29,0.08,2021-01-01 00:02:01,4,12,1,buffalo
23.13,985.56,32.3,0.009999999,2021-01-01 00:02:01,4,12,1,buffalo
23.13,985.59,32.3,0.03,2021-01-01 00:02:02,4,12,1,buffalo
23.14,985.66,32.24,0.0,2021-01-01 00:02:02,4,12,1,buffalo
23.14,985.61,32.08,0.2,2021-01-01 00:02:03,4,12,1,buffalo
23.13,985.62,32.0,-0.09,2021-01-01 00:02:04,4,12,1,buffalo
23.13,985.59,31.98,0.18,2021-01-01 00:02:04,4,12,1,buffalo
23.13,985.62,31.99,0.09999999,2021-01-01 00:02:05,4,12,1,buffalo
23.14,985.57,32.0,0.0,2021-01-01 00:02:05,4,12,1,buffalo
23.15,985.6,32.04,0.07,2021-01-01 00:02:06,4,12,1,buffalo
23.14,985.58,32.01,1.24,2021-01-01 00:02:07,4,12,1,buffalo
23.15,985.59,32.05,0.52,2021-01-01 00:02:07,4,12,1,buffalo
23.14,985.49,32.05,0.94,2021-01-01 00:02:08,4,0,1,buffalo
23.14,985.41,32.06,0.14,2021-01-01 00:02:08,4,0,1,buffalo
23.15,985.38,32.07,-0.51,2021-01-01 00:02:09,4,0,1,buffalo
23.15,985.29,32.07,-0.42,2021-01-01 00:02:10,4,0,1,buffalo
23.15,985.27,32.09,-0.6599999,2021-01-01 00:02:10,4,0,1,buffalo
23.14,985.22,32.06,-0.12,2021-01-01 00:02:11,4,13,1,buffalo
23.15,985.17,32.04,0.0,2021-01-01 00:02:11,4,13,1,buffalo
23.15,985.24,32.02,0.02,2021-01-01 00:02:12,4,13,1,buffalo
23.15,985.21,32.0,0.13,2021-01-01 00:02:13,4,13,1,buffalo
23.16,985.25,31.99,-0.09999999,2021-01-01 00:02:13,4,13,1,buffalo
23.16,985.2,31.97,-0.07,2021-01-01 00:02:14,4,13,1,buffalo
23.15,985.2,31.97,0.26,2021-01-01 00:02:14,4,13,1,buffalo
23.16,985.25,31.93,-0.04,2021-01-01 00:02:15,4,13,1,buffalo
23.16,985.23,31.92,-0.25,2021-01-01 00:02:16,4,13,1,buffalo
23.15,985.24,31.91,-0.08,2021-01-01 00:02:16,4,13,1,buffalo
23.16,985.25,31.8,0.08,2021-01-01 00:02:17,4,13,1,buffalo
23.18,985.28,31.69,0.03,2021-01-01 00:02:17,4,13,1,buffalo
23.18,985.2,31.59,0.41,2021-01-01 00:02:18,4,13,1,buffalo
23.18,985.19,31.55,0.51,2021-01-01 00:02:19,4,13,1,buffalo
23.17,985.21,31.48,0.09,2021-01-01 00:02:19,4,13,1,buffalo
23.17,985.21,31.4,-0.16,2021-01-01 00:02:20,4,13,1,buffalo
23.18,985.22,31.4,0.02,2021-01-01 00:02:20,4,13,1,buffalo
23.18,985.18,31.33,-0.09999999,2021-01-01 00:02:21,4,13,1,buffalo
23.18,985.19,31.29,-0.67,2021-01-01 00:02:22,4,13,1,buffalo
23.18,985.28,31.28,-0.16,2021-01-01 00:02:22,4,13,1,buffalo
23.18,985.22,31.08,0.31,2021-01-01 00:02:23,4,13,1,buffalo
23.17,985.23,30.96,-0.14,2021-01-01 00:02:24,4,13,1,buffalo
23.17,985.24,30.93,0.06,2021-01-01 00:02:24,4,13,1,buffalo
23.17,985.21,31.08,0.009999999,2021-01-01 00:02:25,4,13,1,buffalo
23.17,985.26,31.16,-0.03,2021-01-01 00:02:25,4,13,1,buffalo
23.18,985.29,31.19,0.05,2021-01-01 00:02:26,4,13,1,buffalo
23.17,985.23,31.18,-0.009999999,2021-01-01 00:02:27,4,13,1,buffalo
23.17,985.32,31.19,0.07,2021-01-01 00:02:27,4,13,1,buffalo
23.17,985.27,31.18,0.05,2021-01-01 00:02:28,4,13,1,buffalo
23.18,985.25,31.18,0.09999999,2021-01-01 00:02:28,4,13,1,buffalo
23.17,985.23,31.18,0.0,2021-01-01 00:02:29,4,13,1,buffalo
23.17,985.21,31.16,-0.05,2021-01-01 00:02:30,4,13,1,buffalo
23.17,985.19,31.12,0.07,2021-01-01 00:02:30,4,13,1,buffalo
23.17,985.18,31.11,0.02,2021-01-01 00:02:31,4,13,1,buffalo
23.16,985.25,31.09,0.04,2021-01-01 00:02:31,4,13,1,buffalo
23.17,985.24,31.07,0.07,2021-01-01 00:02:32,4,13,1,buffalo
23.18,985.17,31.01,0.18,2021-01-01 00:02:33,4,13,1,buffalo
23.17,985.24,31.0,0.02,2021-01-01 00:02:33,4,13,1,buffalo
23.17,985.26,30.95,0.05,2021-01-01 00:02:34,4,13,1,buffalo
23.17,985.21,30.93,-0.2,2021-01-01 00:02:34,4,13,1,buffalo
23.17,985.21,30.89,-0.07,2021-01-01 00:02:35,4,13,1,buffalo
23.17,985.21,30.88,0.25,2021-01-01 00:02:36,4,13,1,buffalo
23.18,985.22,30.84,-0.3,2021-01-01 00:02:36,4,13,1,buffalo
23.23,985.22,31.05,-0.87,2021-01-01 00:00:05,5,13,1,buffalo
23.18,985.29,30.97,-0.51,2021-01-01 00:00:06,5,13,1,buffalo
23.18,985.23,30.91,-0.93,2021-01-01 00:00:06,5,13,1,buffalo
23.18,985.26,30.78,-1.02,2021-01-01 00:00:07,5,13,1,buffalo
23.18,985.2,30.73,-0.4,2021-01-01 00:00:08,5,13,1,buffalo
23.19,985.33,30.69,-0.28,2021-01-01 00:00:08,5,13,1,buffalo
23.17,985.27,30.64,0.06,2021-01-01 00:00:09,5,13,1,buffalo
23.18,985.25,30.59,-0.31,2021-01-01 00:00:10,5,13,1,buffalo
23.18,985.26,30.57,-0.44,2021-01-01 00:00:10,5,13,1,buffalo
23.19,985.29,30.68,-0.74,2021-01-01 00:00:11,5,13,1,buffalo
23.18,985.26,30.79,-0.02,2021-01-01 00:00:11,5,13,1,buffalo
23.18,985.2,30.89,-0.6,2021-01-01 00:00:12,5,13,1,buffalo
23.19,985.27,30.92,-0.09,2021-01-01 00:00:13,5,13,1,buffalo
23.18,985.23,30.95,-0.79,2021-01-01 00:00:13,5,13,1,buffalo
23.18,985.26,31.01,0.35,2021-01-01 00:00:14,5,13,1,buffalo
23.2,985.31,31.1,-0.61,2021-01-01 00:00:14,5,13,1,buffalo
23.19,985.18,31.09,-0.6599999,2021-01-01 00:00:15,5,13,1,buffalo
23.19,985.27,31.1,0.12,2021-01-01 00:00:16,5,13,1,buffalo
23.19,985.22,31.18,-0.79,2021-01-01 00:00:16,5,13,1,buffalo
23.2,985.26,31.44,-0.53,2021-01-01 00:00:17,5,13,1,buffalo
23.2,985.2,31.66,-0.24,2021-01-01 00:00:18,5,13,1,buffalo
23.2,985.23,31.73,-0.22,2021-01-01 00:00:18,5,13,1,buffalo
23.21,985.22,31.74,-0.23,2021-01-01 00:00:19,5,13,1,buffalo
23.21,985.27,31.7,-0.49,2021-01-01 00:00:19,5,13,1,buffalo
23.2,985.23,31.64,-1.04,2021-01-01 00:00:20,5,13,1,buffalo
23.2,985.26,31.59,-1.37,2021-01-01 00:00:21,5,13,1,buffalo
23.22,985.31,31.56,-0.62,2021-01-01 00:00:21,5,0,1,buffalo
23.21,985.35,31.55,0.09999999,2021-01-01 00:00:22,5,0,1,buffalo
23.22,985.51,31.54,0.45,2021-01-01 00:00:22,5,0,1,buffalo
23.22,985.55,31.5,0.3,2021-01-01 00:00:23,5,0,1,buffalo
23.22,985.58,31.58,0.18,2021-01-01 00:00:24,5,12,1,buffalo
23.22,985.53,31.63,-0.56,2021-01-01 00:00:24,5,12,1,buffalo
23.22,985.55,31.64,0.06,2021-01-01 00:00:25,5,12,1,buffalo
23.22,985.62,31.73,-0.49,2021-01-01 00:00:25,5,12,1,buffalo
23.23,985.6,31.81,0.09,2021-01-01 00:00:26,5,12,1,buffalo
23.23,985.55,31.87,-0.54,2021-01-01 00:00:27,5,12,1,buffalo
23.23,985.65,31.86,-0.81,2021-01-01 00:00:27,5,12,1,buffalo
23.23,985.6,31.83,-0.6,2021-01-01 00:00:28,5,12,1,buffalo
23.22,985.59,31.83,-0.36,2021-01-01 00:00:28,5,12,1,buffalo
23.24,985.59,31.8,-0.43,2021-01-01 00:00:29,5,12,1,buffalo
23.24,985.59,31.7,-0.21,2021-01-01 00:00:30,5,12,1,buffalo
23.23,985.58,31.64,-0.35,2021-01-01 00:00:30,5,12,1,buffalo
23.23,985.63,31.63,-0.16,2021-01-01 00:00:31,5,12,1,buffalo
23.24,985.57,31.61,-0.34,2021-01-01 00:00:31,5,12,1,buffalo
23.25,985.63,31.55,-0.4,2021-01-01 00:00:32,5,12,1,buffalo
23.25,985.64,31.53,-0.23,2021-01-01 00:00:33,5,12,1,buffalo
23.24,985.59,31.53,-0.32,2021-01-01 00:00:33,5,12,1,buffalo
23.24,985.59,31.6,-0.34,2021-01-01 00:00:34,5,12,1,buffalo
23.24,985.59,31.7,-0.52,2021-01-01 00:00:34,5,12,1,buffalo
23.25,985.63,31.71,0.04,2021-01-01 00:00:35,5,12,1,buffalo
23.25,985.63,31.8,-0.26,2021-01-01 00:00:36,5,12,1,buffalo
23.25,985.64,32.11,-0.37,2021-01-01 00:00:36,5,12,1,buffalo
23.26,985.59,32.21,-0.55,2021-01-01 00:00:37,5,12,1,buffalo
23.26,985.56,32.25,-0.25,2021-01-01 00:00:37,5,12,1,buffalo
23.25,985.61,32.19,-0.6,2021-01-01 00:00:38,5,12,1,buffalo
23.26,985.62,32.15,-0.37,2021-01-01 00:00:39,5,12,1,buffalo
23.26,985.63,32.13,-0.31,2021-01-01 00:00:39,5,12,1,buffalo
23.26,985.56,32.11,-0.48,2021-01-01 00:00:40,5,12,1,buffalo
23.26,985.54,32.11,-0.24,2021-01-01 00:00:40,5,12,1,buffalo
23.26,985.6,32.11,-0.36,2021-01-01 00:00:41,5,12,1,buffalo
23.27,985.58,32.11,-0.3,2021-01-01 00:00:42,5,12,1,buffalo
23.27,985.5,32.1,-0.4,2021-01-01 00:00:42,5,12,1,buffalo
23.28,985.57,32.07,-0.27,2021-01-01 00:00:43,5,12,1,buffalo
23.27,985.55,32.05,-0.92,2021-01-01 00:00:43,5,12,1,buffalo
23.27,985.64,32.04,-1.32,2021-01-01 00:00:44,5,12,1,buffalo
23.28,985.62,32.04,-1.17,2021-01-01 00:00:45,5,12,1,buffalo
23.28,985.66,32.06,-0.97,2021-01-01 00:00:45,5,0,1,buffalo
23.27,985.81,32.02,-0.63,2021-01-01 00:00:46,5,0,1,buffalo
23.28,985.9,32.0,-0.18,2021-01-01 00:00:46,5,0,1,buffalo
23.28,986.06,31.91,0.13,2021-01-01 00:00:47,5,0,1,buffalo
23.28,986.18,31.86,0.62,2021-01-01 00:00:48,5,0,1,buffalo
23.28,986.31,31.82,0.35,2021-01-01 00:00:48,5,0,1,buffalo
23.29,986.31,31.81,0.0,2021-01-01 00:00:49,5,10,1,buffalo
23.27,986.31,31.8,-0.24,2021-01-01 00:00:50,5,10,1,buffalo
23.27,986.28,31.79,-0.37,2021-01-01 00:00:50,5,10,1,buffalo
23.29,986.33,31.8,-0.35,2021-01-01 00:00:51,5,10,1,buffalo
23.29,986.34,31.78,-0.24,2021-01-01 00:00:51,5,10,1,buffalo
23.29,986.34,31.81,-0.4,2021-01-01 00:00:52,5,10,1,buffalo
23.28,986.37,31.83,-0.26,2021-01-01 00:00:53,5,10,1,buffalo
23.29,986.36,31.83,-0.25,2021-01-01 00:00:53,5,10,1,buffalo
23.29,986.36,31.71,-0.37,2021-01-01 00:00:54,5,10,1,buffalo
23.29,986.36,31.66,-0.33,2021-01-01 00:00:54,5,10,1,buffalo
23.29,986.36,31.64,-0.29,2021-01-01 00:00:55,5,10,1,buffalo
23.29,986.42,31.62,-0.44,2021-01-01 00:00:56,5,10,1,buffalo
23.29,986.45,31.58,-0.25,2021-01-01 00:00:56,5,10,1,buffalo
23.3,986.43,31.58,-0.41,2021-01-01 00:00:57,5,10,1,buffalo
23.3,986.35,31.51,-0.35,2021-01-01 00:00:57,5,10,1,buffalo
23.31,986.44,31.47,-0.32,2021-01-01 00:00:58,5,10,1,buffalo
23.3,986.38,31.49,-0.41,2021-01-01 00:00:59,5,10,1,buffalo
23.3,986.3,31.52,-0.28,2021-01-01 00:00:59,5,10,1,buffalo
23.31,986.39,31.53,-0.34,2021-01-01 00:01:00,5,10,1,buffalo
23.31,986.37,31.58,-0.35,2021-01-01 00:01:01,5,10,1,buffalo
23.32,986.41,31.61,-0.26,2021-01-01 00:01:01,5,10,1,buffalo
23.31,986.44,31.62,-0.58,2021-01-01 00:01:02,5,10,1,buffalo
23.31,986.31,31.65,-0.2,2021-01-01 00:01:02,5,10,1,buffalo
23.32,986.35,31.66,-0.35,2021-01-01 00:01:03,5,10,1,buffalo
23.31,986.37,31.67,-0.38,2021-01-01 00:01:04,5,10,1,buffalo
23.31,986.4,31.67,-0.41,2021-01-01 00:01:04,5,10,1,buffalo
23.31,986.37,31.67,-0.36,2021-01-01 00:01:05,5,10,1,buffalo
23.32,986.41,31.68,-0.3,2021-01-01 00:01:05,5,10,1,buffalo
23.32,986.33,31.77,-1.05,2021-01-01 00:01:06,5,10,1,buffalo
23.32,986.41,31.91,-1.03,2021-01-01 00:01:07,5,10,1,buffalo
23.32,986.49,32.06,-0.9799999,2021-01-01 00:01:07,5,0,1,buffalo
23.32,986.66,32.01,-0.89,2021-01-01 00:01:08,5,0,1,buffalo
23.31,986.62,31.93,-0.9799999,2021-01-01 00:01:08,5,0,1,buffalo
23.32,986.9,31.86,-0.46,2021-01-01 00:01:09,5,0,1,buffalo
23.32,987.05,31.82,0.0,2021-01-01 00:01:10,5,0,1,buffalo
23.32,987.18,31.81,0.13,2021-01-01 00:01:10,5,0,1,buffalo
23.32,987.29,31.75,0.31,2021-01-01 00:01:11,5,0,1,buffalo
23.33,987.44,31.69,0.54,2021-01-01 00:01:12,5,0,1,buffalo
23.32,987.46,31.66,0.21,2021-01-01 00:01:12,5,7,1,buffalo
23.32,987.46,31.62,0.07,2021-01-01 00:01:13,5,7,1,buffalo
23.33,987.47,31.61,-0.33,2021-01-01 00:01:13,5,7,1,buffalo
23.32,987.46,31.57,-0.17,2021-01-01 00:01:14,5,7,1,buffalo
23.33,987.51,31.54,-0.31,2021-01-01 00:01:15,5,7,1,buffalo
23.35,987.54,31.51,-0.39,2021-01-01 00:01:15,5,7,1,buffalo
23.33,987.51,31.49,-0.14,2021-01-01 00:01:16,5,7,1,buffalo
23.33,987.53,31.48,-0.59,2021-01-01 00:01:16,5,7,1,buffalo
23.34,987.51,31.49,-0.16,2021-01-01 00:01:17,5,7,1,buffalo
23.35,987.54,31.47,-0.09999999,2021-01-01 00:01:18,5,7,1,buffalo
23.34,987.49,31.47,-0.46,2021-01-01 00:01:18,5,7,1,buffalo
23.35,987.5,31.51,-0.31,2021-01-01 00:01:19,5,7,1,buffalo
